,marca,marca_colavoracion,modelo
0,Abarth,,Anexo:Modelos de 
1,Abarth,, 500
2,Abarth,, 500C
3,Abarth,, 695 Tributo Ferrari
4,Abarth,, Grande Punto S2000
5,Abarth,, Grande Punto
6,Abarth,,Lancia LC2
7,Acura,, ARX-02
8,Acura,, ARX-06
9,Acura,, CL-X
10,Acura,, ARX-01
11,Acura,, MDX
12,Acura,, RDX
13,Acura,, RSX
14,Acura,, TL
15,Acura,, TLX
16,Acura,, TSX
17,AMC,, Ambassador
18,AMC,,Nash Ambassador
19,AMC,,Nash 600
20,AMC,,Rambler American
21,AMC,, Amitron
22,AMC,, AMX-GT
23,AMC,, AMX
24,AMC,, AMX III
25,AMC,, Cavalier
26,AMC,, Concord
27,AMC,, Eagle
28,AMC,, Electron
29,AMC,, Gremlin
30,AMC,, Hornet
31,AMC,,Hudson Hornet
32,AMC,,Hudson Italia
33,AMC,,Hudson Jet
34,AMC,,Hudson Wasp
35,AMC,, Javelin
36,AMC,,Jeep CJ
37,AMC,,Rambler Marlin
38,AMC,, Matador
39,AMC,,M422 Mighty Mite
40,AMC,,Nash Metropolitan
41,AMC,, Pacer
42,AMC,,Rambler Classic
43,AMC,Rambler,Six y V8
44,AMC,,Nash Rambler
45,AMC,, Rebel
46,AMC,,Rambler Rebel
47,AMC,, Spirit
48,AMC,, Rambler Tarpon
49,Aston Martin,, 2-Litre Sports
50,Aston Martin,, Atom
51,Aston Martin,, Victor
52,Aston Martin,, Bulldog
53,Aston Martin,, Cygnet
54,Aston Martin,, DB AR1
55,Aston Martin,, DB2
56,Aston Martin,, DB2/4
57,Aston Martin,, DB Mark III
58,Aston Martin,, DB3
59,Aston Martin,, DB4
60,Aston Martin,, DB4 GT Zagato
61,Aston Martin,, DB5
62,Aston Martin,, DB6
63,Aston Martin,, DB7
64,Aston Martin,, DB7 Vantage Zagato
65,Aston Martin,, DB9
66,Aston Martin,, DB10
67,Aston Martin,, DB11
68,Aston Martin,, DB12
69,Aston Martin,, DBRS9
70,Aston Martin,, DBS
71,Aston Martin,, DBS Superleggera
72,Aston Martin,, DBS V12
73,Aston Martin,, Lagonda
74,Aston Martin,, One-77
75,Aston Martin,,Plataforma VH de 
76,Aston Martin,, Rapide
77,Aston Martin,, V8
78,Aston Martin,, V8 (desambiguación)
79,Aston Martin,, V8 Vantage (1977)
80,Aston Martin,, V8 Vantage (desambiguación)
81,Aston Martin,, V8 Vantage Zagato
82,Aston Martin,, Valhalla
83,Aston Martin,, Valkyrie
84,Aston Martin,, Vanquish
85,Aston Martin,, Vantage
86,Aston Martin,, Virage
87,Aston Martin,, Vulcan
88,Audi,, 50
89,Audi,, 80
90,Audi,, 100
91,Audi,, A1
92,Audi,, A2
93,Audi,, A4
94,Audi,, A5
95,Audi,, A6
96,Audi,, A6 allroad quattro
97,Audi,, A8
98,Audi,, A3
99,Audi,, A7
100,Audi,, AI:TRAIL quattro
101,Audi,, Allroad Quattro Concept
102,Audi,, e-tron GT
103,Audi,, PB18 e-tron
104,Audi,, Cross Cabriolet
105,Audi,, F103
106,Audi,, Le Mans quattro
107,Audi,, Nuvolari
108,Audi,, Q2
109,Audi,, Q3
110,Audi,, Q4 e-tron
111,Audi,, Q5
112,Audi,, Q7
113,Audi,, Q8
114,Audi,, Q8 e-tron
115,Audi,, Quattro
116,Audi,, Quattro Concept
117,Audi,, Quattro Spyder
118,Audi,, R8
119,Audi,, R8 4S
120,Audi,, R8 42
121,Audi,, Roadjet
122,Audi,, Rosemeyer
123,Audi,, RS 6
124,Audi,, RSQ
125,Audi,, S1
126,Audi,, Shooting Brake
127,Audi,, Sportback concept
128,Audi,, TT
129,Audi,, Urban Concept
130,Audi,, V8
131,Austin,, 3-Litre
132,Austin,, 7
133,Austin,, 10
134,Austin,, A40 Sports
135,Austin,, A90 Atlantic
136,Austin,, Allegro
137,Austin,, Ambassador
138,Austin,, A40
139,Austin,,-Healey 100
140,Austin,, FX4
141,Austin,, K2
142,Austin,, K5
143,Austin,, Loadstar
144,Austin,, Maestro
145,Austin,, Maxi
146,Austin,, Morris 1100/1300 (BMC ADO16)
147,Austin,, Montego
148,Austin,,Princess (British-Leyland ADO71)
149,Austin,, Victoria
150,Auto Union,, 1000
151,Auto Union,,DKW  1000
152,Auto Union,,Automóviles de carreras 
153,Auto Union,,DKW F8
154,Auto Union,,DKW F89
155,Auto Union,DKW,F89 L
156,Auto Union,,DKW F91
157,Auto Union,,DKW F93/F94
158,Auto Union,,Mercedes-Benz N1300
159,Bentley,, 3 Litros
160,Bentley,, 3.5 Litros
161,Bentley,, 4.5 Litros
162,Bentley,, 6.5 Litros
163,Bentley,, 8 Litros
164,Bentley,, Arnage
165,Bentley,, Azure
166,Bentley,, Bentayga
167,Bentley,, Brooklands
168,Bentley,, Continental Flying Spur
169,Bentley,, Continental GT
170,Bentley,, Hunaudières
171,Bentley,, Mulsanne
172,Bentley,, S2
173,Bentley,, S3
174,Bentley,, Speed 8
175,BMW,, Serie 1
176,BMW,, Serie 2
177,BMW,, Serie 2 Active Tourer
178,BMW,, Serie 3
179,BMW,, 3.0 CSL
180,BMW,, 3.0 CSL Hommage
181,BMW,, Serie 5
182,BMW,, Serie 5 Gran Turismo
183,BMW,, Serie 6
184,BMW,, E65/E66
185,BMW,, Serie 7
186,BMW,, 328
187,BMW,, 507
188,BMW,, 600
189,BMW,, 700
190,BMW,, i4
191,BMW,, iX
192,BMW,, M2
193,BMW,, M3
194,BMW,, Serie 02
195,BMW,, Serie 3 Compact
196,BMW,, Z4 GTE
197,BMW,, Z9
198,BMW,, CS
199,BMW,, Dixi
200,BMW,, F 76
201,BMW,, G30
202,BMW,,Isetta
203,BMW,, M1
204,BMW,, E46 M3
205,BMW,, M5
206,BMW,, M6
207,BMW,, Nazca C2
208,BMW,, Serie 4
209,BMW,, Serie 8
210,BMW,, Turbo
211,BMW,, X1
212,BMW,, X2
213,BMW,, X3
214,BMW,, X4
215,BMW,, X5
216,BMW,, X6
217,BMW,, X7
218,BMW,, Z1
219,BMW,, Z2
220,BMW,, Z3
221,BMW,, Z4
222,BMW,, Z4 M
223,BMW,, Z8
224,British Leyland,,Austin Allegro
225,British Leyland,,Austin Ambassador
226,British Leyland,,Austin Maestro
227,British Leyland,,Austin Maxi
228,British Leyland,,Austin Montego
229,British Leyland,,Jaguar XJS
230,British Leyland,,Mini (automóvil)
231,British Leyland,,Mini Moke
232,British Leyland,,Morris Ital
233,British Leyland,,Morris Marina
234,British Leyland,,Princess (British-Leyland ADO71)
235,British Leyland,,Rover P6
236,British Leyland,,Rover SD1
237,British Leyland,,Triumph Acclaim
238,British Leyland,,Triumph Dolomite
239,British Leyland,,Triumph Stag
240,British Leyland,,Triumph TR7
241,British Leyland,Triumph,TR7 Sprint
242,Bugatti,, 16C Galibier
243,Bugatti,, 18/3 Chiron
244,Bugatti,, Bolide
245,Bugatti,, Bordeaux
246,Bugatti,, Centodieci
247,Bugatti,, Chiron
248,Bugatti,, Divo
249,Bugatti,, EB110
250,Bugatti,, EB118
251,Bugatti,, EB218
252,Bugatti,, ID 90
253,Bugatti,, La Voiture Noire
254,Bugatti,, Mistral
255,Bugatti,, Royale
256,Bugatti,, Stratos
257,Bugatti,, Type 13
258,Bugatti,, Type 29 y Type 30
259,Bugatti,, Type 32
260,Bugatti,, Type 35
261,Bugatti,, Type 51
262,Bugatti,, Type 55
263,Bugatti,, Type 57
264,Bugatti,, Type 101
265,Bugatti,, Veyron
266,Bugatti,, Veyron 16.4 Super Sport
267,Bugatti,," Veyron 16,4 Grand Sport La Finale"
268,Bugatti,, Vision Gran Turismo
269,Buick,, Avenir
270,Buick,, LaCrosse
271,Buick,, Regal
272,Buick,, Cascada
273,Buick,, Centieme
274,Buick,, Century
275,Buick,, Electra
276,Buick,, Envision
277,Buick,, GL6
278,Buick,, GL8
279,Buick,, Gran Sport
280,Buick,, LeSabre
281,Buick,, Lucerne
282,Buick,, Park Avenue
283,Buick,, Riviera
284,Buick,, Roadmaster
285,Buick,, Skylark
286,Buick,, Special
287,Buick,, Terraza
288,Buick,, Verano
289,Buick,, Y-Job
290,BYD,, Atto 2
291,BYD,, Atto 3
292,BYD,, Dolphin
293,BYD,, e5
294,BYD,, e6
295,BYD,, F3DM
296,BYD,, F6DM
297,BYD,, G6
298,BYD,, Han
299,BYD,, Qin
300,BYD,, Seagull
301,BYD,, Seal
302,BYD,, Seal U
303,BYD,, Sealion 7
304,BYD,, Tang
305,BYD,, F0
306,BYD,, Shark
307,Cadillac,, ATS
308,Cadillac,, BLS
309,Cadillac,, Calais
310,Cadillac,, Catera (automóvil)
311,Cadillac,, Celestiq
312,Cadillac,, Cimarron
313,Cadillac,, Allanté
314,Cadillac,, Brougham
315,Cadillac,, Cien
316,Cadillac,, CT4
317,Cadillac,, CTS
318,Cadillac,, DeVille
319,Cadillac,, Eldorado
320,Cadillac,, Modelo 30
321,Cadillac,, Modelo D
322,Cadillac,, Runabout y Tonneau
323,Cadillac,, STS
324,Cadillac,, Type V-63
325,Cadillac,, XT6
326,Cadillac,, CT6
327,Cadillac,, DTS
328,Cadillac,, ELR
329,Cadillac,, Escalade
330,Cadillac,, Evoq
331,Cadillac,, Fleetwood
332,Cadillac,,Limusina presidencial (Estados Unidos)
333,Cadillac,, Northstar LMP
334,Cadillac,,Opel Omega
335,Cadillac,, Seville
336,Cadillac,, Sixteen
337,Cadillac,, Sixty Special
338,Cadillac,, SRX
339,Cadillac,, Type 51
340,Cadillac,, V-Series
341,Cadillac,, V-16
342,Cadillac,, V-Series.R
343,Cadillac,, XT4
344,Cadillac,, XLR
345,Cadillac,, XT5
346,Cadillac,, XTS
347,Chery,, A5
348,Chery,, A1
349,Chery,, A11
350,Chery,,Exeed TX
351,Chery,, QQ
352,Chery,, Tiggo
353,Chery,, V5
354,Chevrolet,,7 de Oro (automóvil)
355,Chevrolet,, 490
356,Chevrolet,, 1957
357,Chevrolet,, Agile
358,Chevrolet,, Astra
359,Chevrolet,, Astro
360,Chevrolet,, Avalanche
361,Chevrolet,, Aveo
362,Chevrolet,,Baojun 510
363,Chevrolet,, Bel Air
364,Chevrolet,, Beretta
365,Chevrolet,, Blazer
366,Chevrolet,, Bolt
367,Chevrolet,, C-10
368,Chevrolet,, Camaro
369,Chevrolet,, Celebrity
370,Chevrolet,, Celta
371,Chevrolet,, Chevette
372,Chevrolet,, Caprice
373,Chevrolet,, Cavalier
374,Chevrolet,, Chevelle
375,Chevrolet,, Chevy (México)
376,Chevrolet,, Chevy II / Nova
377,Chevrolet,, Cobalt (Brasil)
378,Chevrolet,, Cobalt (Estados Unidos)
379,Chevrolet,, Cobalt SS
380,Chevrolet,, Code 130R
381,Chevrolet,, Combo
382,Chevrolet,, Corsa
383,Chevrolet,, Corvette (C4)
384,Chevrolet,, Corvette C7
385,Chevrolet,, El Camino
386,Chevrolet,, G506
387,Chevrolet,, Tracker (2019)
388,Chevrolet,, Classic
389,Chevrolet,, Colorado
390,Chevrolet,, Corvair
391,Chevrolet,, Corvette
392,Chevrolet,, Cruze
393,Chevrolet,, Equinox
394,Chevrolet,, Fleetline
395,Chevrolet,, Impala
396,Chevrolet,Isuzu,Serie N
397,Chevrolet,, Kadett
398,Chevrolet,, Lumina
399,Chevrolet,, Lumina APV
400,Chevrolet,, LUV
401,Chevrolet,,Isuzu D-Max
402,Chevrolet,,Isuzu i-Series
403,Chevrolet,, Malibu
404,Chevrolet,, Master
405,Chevrolet,,Minivan U (General Motors)
406,Chevrolet,, Monte Carlo
407,Chevrolet,, Monza
408,Chevrolet,, N300
409,Chevrolet,, Niva/VAZ-2123
410,Chevrolet,, Nuevo Aveo / Sonic
411,Chevrolet,, Omega
412,Chevrolet,,Opel Omega
413,Chevrolet,, Onix
414,Chevrolet,, Opala
415,Chevrolet,, Optra
416,Chevrolet,, Orlando
417,Chevrolet,, Prisma
418,Chevrolet,,Isuzu Rodeo
419,Chevrolet,, S-10
420,Chevrolet,, Sail
421,Chevrolet,,Isuzu Forward
422,Chevrolet,, Silverado
423,Chevrolet,, Spark
424,Chevrolet,, Spin
425,Chevrolet,,Suzuki Swift
426,Chevrolet,, SS
427,Chevrolet,, SSR
428,Chevrolet,, Suburban
429,Chevrolet,, Tahoe
430,Chevrolet,, Tracker
431,Chevrolet,, TrailBlazer
432,Chevrolet,, Trax
433,Chevrolet,, WTCC Ultra
434,Chevrolet,, Van
435,Chevrolet,, Vectra
436,Chevrolet,, Vega
437,Chevrolet,, Venture
438,Chevrolet,, Volt
439,Chrysler,, 200
440,Chrysler,, 300 (series con letra)
441,Chrysler,, 300C
442,Chrysler,, Airflow
443,Chrysler,, Aspen
444,Chrysler,,Hillman Avenger
445,Chrysler,, 300M
446,Chrysler,, Airflow (EV)
447,Chrysler,, Cirrus
448,Chrysler,, Concorde
449,Chrysler,, Norseman
450,Chrysler,, Six
451,Chrysler,, Crossfire
452,Chrysler,, Fifth Avenue
453,Chrysler,, Imperial
454,Chrysler,, Imperial Parade Phaeton
455,Chrysler,, LeBaron
456,Chrysler,, LHS
457,Chrysler,, ME Four Twelve
458,Chrysler,, Neon
459,Chrysler,, New Yorker
460,Chrysler,, Pacifica
461,Chrysler,, PT Cruiser
462,Chrysler,, Sebring
463,Chrysler,, Shadow
464,Chrysler,, Sunbeam
465,Chrysler,, Town & Country (1941-1988)
466,Chrysler,, Turbine
467,Chrysler,, Valiant
468,Chrysler,, Vision
469,Chrysler,, Voyager
470,Citroën,, 2 CV
471,Citroën,, Acadiane
472,Citroën,, Ami
473,Citroën,, AX
474,Citroën,, Axel
475,Citroën,,Furgoneta pequeña (PSA)
476,Citroën,, BX
477,Citroën,, C1
478,Citroën,, C2
479,Citroën,, C3
480,Citroën,, C3 Aircross
481,Citroën,, C3 Picasso
482,Citroën,, C4
483,Citroën,, C4 (1928)
484,Citroën,, C4 Aircross
485,Citroën,, C4 Cactus
486,Citroën,, C4 Picasso
487,Citroën,, C5
488,Citroën,, C5 Aircross
489,Citroën,, C6
490,Citroën,, C6 (China)
491,Citroën,, C6 (1928)
492,Citroën,, C15
493,Citroën,, Ami (2020)
494,Citroën,, CX
495,Citroën,, M35
496,Citroën,, Tipo A
497,Citroën,, Tipo C
498,Citroën,,-Kégresse
499,Citroën,,Citycar (PSA/Toyota)
500,Citroën,, DS
501,Citroën,,DS3
502,Citroën,,DS4
503,Citroën,,DS5
504,Citroën,, Dyane
505,Citroën,, Elysée
506,Citroën,,Furgoneta mediana (Sevel)
507,Citroën,, GS
508,Citroën,, H
509,Citroën,, LNA
510,Citroën,, Méhari
511,Citroën,,Mitsubishi RVR
512,Citroën,, Rosalie
513,Citroën,, Saxo
514,Citroën,, SM
515,Citroën,, Traction Avant
516,Citroën,, Visa
517,Citroën,, Xantia
518,Citroën,, XM
519,Citroën,, Xsara
520,Citroën,, Xsara Picasso
521,Citroën,, Yagán
522,Citroën,,Usuario discusión:79.117.99.208
523,Citroën,, ZX
524,Dacia,, 1100
525,Dacia,, 1300
526,Dacia,,ARO 10
527,Dacia,, Jogger
528,Dacia,, Spring
529,Dacia,, Dokker
530,Dacia,, Duster
531,Dacia,, Lodgy
532,Dacia,, Logan
533,Dacia,,Mahindra-Renault Verito
534,Dacia,, Nova
535,Dacia,Renault,Tondar 90
536,Dacia,, Sandero
537,Dacia,, Solenza
538,Dacia,, SupeRNova
539,Daewoo,, Gentra
540,Daewoo,,GM Korea
541,Daewoo,, Lanos
542,Daewoo,, Maepsy
543,Daewoo,, Magnus
544,Daewoo,,Chevrolet Spark
545,Daewoo,, Nubira
546,Daewoo,, Racer/Cielo
547,Daewoo,, Royale
548,Daewoo,, Tacuma
549,Daewoo,, Tico
550,Daewoo,, Tosca
551,DAF,, 33
552,DAF,, 44
553,DAF,, 46
554,DAF,, 55
555,DAF,, 66
556,DAF,, 600
557,DAF,, XF
558,Daihatsu,, Applause
559,Daihatsu,, Charade
560,Daihatsu,, Copen
561,Daihatsu,, Cuore
562,Daihatsu,, Consorte
563,Daihatsu,, Zebra
564,Daihatsu,, Delta
565,Daihatsu,,K3-VE
566,Daihatsu,, Materia
567,Daihatsu,, Midget
568,Daihatsu,, Move
569,Daihatsu,, Sirion
570,Daihatsu,, Terios
571,Datsun,Nissan,280 ZX
572,Datsun,, 510
573,Datsun,Nissan,Fairlady Z
574,Datsun,, on-Do
575,Datsun,,Nissan Silvia
576,Datsun,,Nissan Skyline
577,Datsun,,Nissan Urvan
578,Datsun,,Nissan Vanette
579,Datsun,,Nissan Violet
580,DKW,,Auto Union 1000
581,DKW,, Auto Union 1000
582,DKW,, F8
583,DKW,, F89
584,DKW,, F89 L
585,DKW,, F91
586,DKW,, F93/F94
587,DKW,, F102
588,DKW,, Munga
589,DKW,,Mercedes-Benz N1300
590,Dodge,, 30-35
591,Dodge,, 400
592,Dodge,, 600
593,Dodge,, 1500
594,Dodge,, 3700
595,Dodge,, Aries
596,Dodge,, Aspen
597,Dodge,, Attitude
598,Dodge,, Avenger
599,Dodge,, Caliber
600,Dodge,, Caravan
601,Dodge,, Challenger
602,Dodge,, Charger
603,Dodge,, Charger (2024)
604,Dodge,, Charger (B-body)
605,Dodge,, Charger (LX)
606,Dodge,, Cherokee
607,Dodge,, Colt
608,Dodge,, Coronado
609,Dodge,, Coronet
610,Dodge,, D Series
611,Dodge,, Dart
612,Dodge,, Dart (España)
613,Dodge,, Dart GT (2012)
614,Dodge,, Dart GT
615,Dodge,, Dakota
616,Dodge,, Daytona
617,Dodge,, Diplomat
618,Dodge,, Durango
619,Dodge,, Dynasty
620,Dodge,, Neon SRT-4
621,Dodge,, GTX
622,Dodge,, Intrepid
623,Dodge,, Journey
624,Dodge,, Lancer
625,Dodge,,Línea  (Argentina)
626,Dodge,, Magnum
627,Dodge,, Mirada
628,Dodge,, Monaco
629,Dodge,, Nitro
630,Dodge,, Omni
631,Dodge,, Polara
632,Dodge,, Polara (Argentina)
633,Dodge,, Ram SRT 10
634,Dodge,, Ramcharger
635,Dodge,,Ram Pickup
636,Dodge,, Spirit
637,Dodge,, Stratus
638,Dodge,, Super Bee
639,Dodge,, Viper
640,Ferrari,,Anexo:Modelos de 
641,Ferrari,, 12Cilindri
642,Ferrari,, 166
643,Ferrari,, 166 Inter
644,Ferrari,, 212
645,Ferrari,, 212 Export
646,Ferrari,, 250 GT Berlinetta
647,Ferrari,, 250 GTO
648,Ferrari,, 275
649,Ferrari,, 288 GTO
650,Ferrari,, 296 GTB
651,Ferrari,, 360
652,Ferrari,, 365 GT4 2+2
653,Ferrari,, 400
654,Ferrari,, 458 Speciale
655,Ferrari,, 488
656,Ferrari,, 575M Maranello
657,Ferrari,, 612 Scaglietti
658,Ferrari,, 812 Superfast
659,Ferrari,Abarth,695 Tributo
660,Ferrari,, America
661,Ferrari,, Berlinetta Boxer
662,Ferrari,, Daytona
663,Ferrari,, Daytona SP3
664,Ferrari,, Enzo
665,Ferrari,, F8 Tributo
666,Ferrari,, F12 TRS
667,Ferrari,, F12berlinetta
668,Ferrari,, F40
669,Ferrari,, F50
670,Ferrari,, F80
671,Ferrari,, F355
672,Ferrari,, 125 F1
673,Ferrari,, 126C
674,Ferrari,, 250
675,Ferrari,, 308 GTB
676,Ferrari,, 328
677,Ferrari,, 348
678,Ferrari,, 456
679,Ferrari,, 458 Italia
680,Ferrari,, 550
681,Ferrari,, 599 GTB Fiorano
682,Ferrari,, California
683,Ferrari,, Dino
684,Ferrari,, F12tdf
685,Ferrari,, F430
686,Ferrari,, FF
687,Ferrari,, FX
688,Ferrari,, GT4
689,Ferrari,, Mondial
690,Ferrari,, Monza SP
691,Ferrari,, Purosangue
692,Ferrari,, FXX
693,Ferrari,, GTC4Lusso
694,Ferrari,, La
695,Ferrari,, Monza
696,Ferrari,, Mythos
697,Ferrari,, P4/5
698,Ferrari,, Portofino
699,Ferrari,, Roma
700,Ferrari,, SF90 Stradale
701,Ferrari,, Testarossa
702,Fiat,,Anexo:Modelos de 
703,Fiat,, 1
704,Fiat,, 2B
705,Fiat,, 3 ½ HP
706,Fiat,, 6-8 HP
707,Fiat,, 8 HP
708,Fiat,, 8V
709,Fiat,, 10 HP
710,Fiat,, 12 HP
711,Fiat,, 24-32 HP
712,Fiat,, 50 HP
713,Fiat,, 60 HP
714,Fiat,, 70
715,Fiat,, 124
716,Fiat,, 124 Spider (2016)
717,Fiat,, 125
718,Fiat,, 125 Mirafiori
719,Fiat,, 125 Centurión
720,Fiat,, 126
721,Fiat,, 127
722,Fiat,, 128
723,Fiat,, 130
724,Fiat,, 131
725,Fiat,, 133
726,Fiat,, 147
727,Fiat,, 242
728,Fiat,, 500 (1936)
729,Fiat,, 500 (1957)
730,Fiat,, 500 (2007)
731,Fiat,, 500C
732,Fiat,, 500e
733,Fiat,, 500L
734,Fiat,, 500X
735,Fiat,, 501
736,Fiat,, 502
737,Fiat,, 503
738,Fiat,, 507
739,Fiat,, 508
740,Fiat,, 510
741,Fiat,, 512
742,Fiat,, 514
743,Fiat,, 515
744,Fiat,, 518
745,Fiat,, 522
746,Fiat,, 525
747,Fiat,, 600
748,Fiat,, 615
749,Fiat,, 850
750,Fiat,, 1100
751,Fiat,, 1100 (1937)
752,Fiat,, 1200
753,Fiat,, 1300/1500
754,Fiat,, 1400/1900
755,Fiat,, 1500 (1935)
756,Fiat,, 1600
757,Fiat,, 1600 Sport
758,Fiat,, 1800/2100
759,Fiat,, 2800
760,Fiat,Abarth,695 Tributo Ferrari
761,Fiat,Abarth,Grande Punto
762,Fiat,, Albea
763,Fiat,, Argo
764,Fiat,, Barchetta
765,Fiat,, Bravo/Brava/Marea
766,Fiat,, Bravo (2007)
767,Fiat,, Cinquecento
768,Fiat,, Coupé
769,Fiat,, Croma
770,Fiat,, Croma (1985)
771,Fiat,, Croma (2005)
772,Fiat,, Cronos
773,Fiat,, Doblò
774,Fiat,, Duna
775,Fiat,, 16-20 HP
776,Fiat,, 124 Sport Spider
777,Fiat,, 130 HP
778,Fiat,, 132
779,Fiat,, 238
780,Fiat,, 241
781,Fiat,, 505
782,Fiat,, 509
783,Fiat,, 520
784,Fiat,, 521
785,Fiat,, 524
786,Fiat,, 527
787,Fiat,, Argenta
788,Fiat,, Centoventi
789,Fiat,, Fullback
790,Fiat,, New 500
791,Fiat,, Phyllis
792,Fiat,, Pulse
793,Fiat,, X1/23
794,Fiat,, Freemont
795,Fiat,,Furgoneta mediana (Sevel)
796,Fiat,, Grande Punto
797,Fiat,, Idea
798,Fiat,,Iveco TurboCity
799,Fiat,, Linea
800,Fiat,, Linea TRV6
801,Fiat,, Mobi
802,Fiat,, Multipla
803,Fiat,, Ottimo
804,Fiat,, Palio
805,Fiat,, Panda
806,Fiat,, Pininfarina Coupé y Cabriolet
807,Fiat,, Punto
808,Fiat,, Regata
809,Fiat,, Ritmo
810,Fiat,, S76
811,Fiat,, Sedici
812,Fiat,, Seicento
813,Fiat,, Siena
814,Fiat,, Stilo
815,Fiat,, Strada
816,Fiat,, Tempra
817,Fiat,, Tipo (1988)
818,Fiat,, Tipo (2016)
819,Fiat,, Tipo TRV6
820,Fiat,, Toro
821,Fiat,, Uno
822,Fiat,, 770
823,Fiat,, 1500 Coupé Vignale
824,Fiat,, Viaggio
825,Fiat,, X1/9
826,Fiat,, Zero
827,Fiat Professional,,Fiat Doblò
828,Fiat Professional,,Fiat Fiorino
829,Fiat Professional,,Fiat Talento
830,Ford,,Anexo:Modelos de 
831,Ford,, 7Y
832,Ford,, 48
833,Ford,, 999
834,Ford,, 1937
835,Ford,, 1941
836,Ford,, 1949
837,Ford,, 1952
838,Ford,, 1955
839,Ford,, 1957
840,Ford,, 1960
841,Ford,, A
842,Ford,, A (1903-1904)
843,Ford,, Anglia
844,Ford,, B
845,Ford,, B-Max
846,Ford,, Bronco
847,Ford,, Bronco Sport
848,Ford,, C
849,Ford,, C (1904)
850,Ford,, C-Max Energi
851,Ford,, Capri
852,Ford,, Consul Capri
853,Ford,, C-Max
854,Ford,, Contour
855,Ford,, Corcel
856,Ford,, Cougar (Europa)
857,Ford,, Courier
858,Ford,, Crown Victoria
859,Ford,,Cuadriciclo 
860,Ford,, Expedition
861,Ford,, EcoSport
862,Ford,, Edge
863,Ford,, Edsel
864,Ford,, Eifel
865,Ford,,Eleanor (automóvil)
866,Ford,, Escape
867,Ford,, Escort
868,Ford,, Escort (América del Norte)
869,Ford,, F-100
870,Ford,, F-150
871,Ford,, Fairlane (Argentina)
872,Ford,, Fairmont
873,Ford,, Falcon (Argentina)
874,Ford,, Falcon (Australia)
875,Ford,, Falcon (Estados Unidos)
876,Ford,, Fiesta
877,Ford,, Focus
878,Ford,, Capri EV
879,Ford,, Del Rey
880,Ford,, Escort (China)
881,Ford,, Escort MK I
882,Ford,, Escort MK II
883,Ford,, Escort MK III
884,Ford,, Escort MK IV
885,Ford,, Escort MK V
886,Ford,, Escort RS Cosworth
887,Ford,, Explorer
888,Ford,, Explorer eléctrico
889,Ford,, F
890,Ford,, Festiva
891,Ford,, Figo
892,Ford,, Flex
893,Ford,, Fusion (Europa)
894,Ford,, Pampa
895,Ford,, Territory (China)
896,Ford,, Fusion (América)
897,Ford,, Fusion Hybrid
898,Ford,, Galaxie
899,Ford,, Galaxy
900,Ford,, Versailles
901,Ford,, GT
902,Ford,, GT40
903,Ford,, Ka
904,Ford,, Kuga
905,Ford,, Laser
906,Ford,, Maverick
907,Ford,, Meteor
908,Ford,, Mondeo
909,Ford,, Mustang
910,Ford,, Mustang Mach-E
911,Ford,, Mustang VI
912,Ford,, N
913,Ford,, Orion
914,Ford,, P68
915,Ford,, Pinto
916,Ford,, Popular
917,Ford,, Probe
918,Ford,, Puma
919,Ford,, Ranchero (Argentina)
920,Ford,, Ranger
921,Ford,, Royale
922,Ford,, RS200
923,Ford,, S
924,Ford,, Scorpio
925,Ford,, Shelby
926,Ford,, Sierra
927,Ford,, S-Max
928,Ford,, T
929,Ford,,Tamaño completo de 
930,Ford,, Taunus
931,Ford,, Taurus
932,Ford,, Tempo
933,Ford,, Thunderbird
934,Ford,, Torino
935,Ford,, Transit
936,Ford,, Transit Connect
937,Ford,, V8
938,Ford,, Verona
939,Ford,, Windstar
940,Ford,, Y 8 HP
941,GAZ,,-51
942,GAZ,,-53
943,GAZ,,-61
944,GAZ,,-63
945,GAZ,,-64
946,GAZ,,-66
947,GAZ,,-67
948,GAZ,,-69
949,GAZ,,-AA
950,GAZ,, Chaika
951,GAZ,,elle (furgoneta)
952,GAZ,,elle Next (furgoneta)
953,GAZ,,elle-Business (van panel)
954,GAZ,, M-20 Pobeda
955,General Motors,,Cadillac XTS
956,General Motors,,Chevrolet Express
957,General Motors,, EV1
958,General Motors,, Firebird
959,General Motors,,Todoterreno Lambda ()
960,General Motors,, Sequel
961,General Motors,,Serie M (Bedford)
962,General Motors,,Todoterreno Theta ()
963,Holden,, Astra
964,Holden,, Barina
965,Holden,, Commodore
966,Holden,, Efijy
967,Holden,,Opel Omega
968,Honda,, 1300
969,Honda,, Accord
970,Honda,, Acty
971,Honda,, Amaze
972,Honda,, ATC200
973,Honda,, Beat
974,Honda,, Brio
975,Honda,, City
976,Honda,, City AA
977,Honda,, Civic
978,Honda,, Civic (Cuarta Generación)
979,Honda,, Civic (Primera Generación)
980,Honda,, Concerto
981,Honda,, CR-V
982,Honda,, CR-X
983,Honda,, CR-Z
984,Honda,, e
985,Honda,, FCX Clarity
986,Honda,, FR-V
987,Honda,, Goldwing
988,Honda,, Civic Type-R
989,Honda,, Odyssey (Norteamérica)
990,Honda,, HR-V
991,Honda,, HSV-010 GT
992,Honda,, Insight
993,Honda,, Integra
994,Honda,,Acura RSX
995,Honda,, Jazz
996,Honda,, Legend
997,Honda,, Life
998,Honda,, Logo
999,Honda,, N360
1000,Honda,, NSX
1001,Honda,, Passport
1002,Honda,, Pilot
1003,Honda,, Prelude
1004,Honda,, Quint
1005,Honda,, S500
1006,Honda,, S600
1007,Honda,, S660
1008,Honda,, S800
1009,Honda,, S2000
1010,Honda,, S-MX
1011,Honda,, T360
1012,Honda,, Vigor
1013,Honda,, Zest
1014,Honda,, ZR-V
1015,Hyundai,, Accent
1016,Hyundai,, Alcazar
1017,Hyundai,, Atos
1018,Hyundai,, Azera
1019,Hyundai,, Coupe
1020,Hyundai,, Creta
1021,Hyundai,, Elantra
1022,Hyundai,, Eon
1023,Hyundai,, Excel
1024,Hyundai,, Genesis
1025,Hyundai,, Genesis Coupe
1026,Hyundai,, Getz
1027,Hyundai,, H-1
1028,Hyundai,, Ioniq
1029,Hyundai,, N Vision 74
1030,Hyundai,, Pony
1031,Hyundai,, i10
1032,Hyundai,, i20
1033,Hyundai,, i30
1034,Hyundai,, i40
1035,Hyundai,, Ioniq 5
1036,Hyundai,, ix35 FCEV
1037,Hyundai,, Kona
1038,Hyundai,, Matrix
1039,Hyundai,, Nexo
1040,Hyundai,, Santa Fe
1041,Hyundai,, Sonata
1042,Hyundai,, Stellar
1043,Hyundai,, Terracan
1044,Hyundai,, Tucson
1045,Hyundai,, Veloster
1046,Hyundai,, Venue
1047,Hyundai,, Veracruz
1048,Infiniti,, EX
1049,Infiniti,, FX
1050,Infiniti,, G
1051,Infiniti,, M
1052,Infiniti,, Q50
1053,Infiniti,, Q60
1054,Infiniti,, Q70
1055,Infiniti,, QX
1056,Infiniti,, QX30
1057,Infiniti,, QX50
1058,Infiniti,, QX60
1059,Infiniti,, QX70
1060,Infiniti,, QX80
1061,Isuzu,, Bellett
1062,Isuzu,, D-Max
1063,Isuzu,, Faster
1064,Isuzu,, Forward
1065,Isuzu,, Gemini
1066,Isuzu,, Hombre
1067,Isuzu,, i-Series
1068,Isuzu,, I-Mark
1069,Isuzu,,Chevrolet LUV
1070,Isuzu,, Rodeo
1071,Isuzu,, Serie N
1072,Jaguar,,SS 1
1073,Jaguar,, C-Type
1074,Jaguar,, C-X75
1075,Jaguar,, D-Type
1076,Jaguar,, E-Pace
1077,Jaguar,, E-Type
1078,Jaguar,, F-Pace
1079,Jaguar,, F-Type
1080,Jaguar,, I-Pace
1081,Jaguar,, XJR-8
1082,Jaguar,, XJR-9
1083,Jaguar,, XK
1084,Jaguar,, S-Type
1085,Jaguar,, X-Type
1086,Jaguar,, XE
1087,Jaguar,, XF
1088,Jaguar,, XJ
1089,Jaguar,, XJ220
1090,Jaguar,, XJR-15
1091,Jaguar,, XJR-11
1092,Jaguar,, XJR-12
1093,Jaguar,, XJR-14
1094,Jaguar,, XJS
1095,Jaguar,, XK (1948-1961)
1096,Jaguar,, XKSS
1097,Jeep,, Avenger
1098,Jeep,, Cherokee
1099,Jeep,, Cherokee (SJ)
1100,Jeep,, Cherokee (XJ)
1101,Jeep,, CJ
1102,Jeep,, Comanche
1103,Jeep,, Commander
1104,Jeep,, Compass
1105,Jeep,, DJ
1106,Jeep,, Gladiator (JT)
1107,Jeep,, Grand Cherokee
1108,Jeep,, Patriot
1109,Jeep,,ster Commando
1110,Jeep,,Willys-Overland ster
1111,Jeep,, Renegade
1112,Jeep,, Wagoneer
1113,Jeep,,Willys MB
1114,Jeep,, Wrangler
1115,Kia,, Avella
1116,Kia,, Besta
1117,Kia,, Bongo
1118,Kia,, Cadenza
1119,Kia,, Carens
1120,Kia,, Ceed
1121,Kia,, Cerato
1122,Kia,, Clarus
1123,Kia,, Concord
1124,Kia,, EV3
1125,Kia,,KIA EV6
1126,Kia,, Granbird
1127,Kia,, K9
1128,Kia,, Koup
1129,Kia,, Soluto
1130,Kia,,KM131 Jeep
1131,Kia,, Optima
1132,Kia,, Mohave
1133,Kia,, Niro
1134,Kia,, Opirus
1135,Kia,, Picanto
1136,Kia,, Pregio
1137,Kia,, Ray
1138,Kia,, Ray (prototipo 2010)
1139,Kia,, Retona
1140,Kia,, Rio
1141,Kia,, Sephia
1142,Kia,, Shuma
1143,Kia,, Sonet
1144,Kia,, Sorento
1145,Kia,, Soul
1146,Kia,, Sportage
1147,Kia,, Stonic
1148,Kia,, Towner
1149,Kia,, Venga
1150,Koenigsegg,, Agera
1151,Koenigsegg,, CC
1152,Koenigsegg,, CC8S
1153,Koenigsegg,, CCGT
1154,Koenigsegg,, CCR
1155,Koenigsegg,,Köenigsegg CCXR
1156,Koenigsegg,, Gemera
1157,Koenigsegg,, Hundra
1158,Koenigsegg,, Jesko
1159,Koenigsegg,, CC850
1160,Koenigsegg,, CCX
1161,Koenigsegg,, One:1
1162,Koenigsegg,, Quant
1163,Koenigsegg,, Regera
1164,Lada,,AvtoVAZ
1165,Lada,, 110/VAZ-2110
1166,Lada,, 112/VAZ-2112
1167,Lada,, 111/VAZ-2111
1168,Lada,, Granta
1169,Lada,, Kalina/VAZ-1118
1170,Lada,, Largus
1171,Lada,, Nadezhda/VAZ-2120
1172,Lada,,Chevrolet Niva/VAZ-2123
1173,Lada,, Niva/VAZ-2121
1174,Lada,, Oká/VAZ-1111
1175,Lada,, Priora
1176,Lada,, Revolution
1177,Lada,, Riva/VAZ-2107
1178,Lada,, Samara/VAZ-2109
1179,Lada,, Zhiguli/VAZ-2101
1180,Lamborghini,,Anexo:Automóviles de 
1181,Lamborghini,, 350 GTV
1182,Lamborghini,, 350 GT
1183,Lamborghini,, 400 GT
1184,Lamborghini,, Athon
1185,Lamborghini,, Aventador
1186,Lamborghini,, Aventador SV
1187,Lamborghini,, Bravo
1188,Lamborghini,, Calà
1189,Lamborghini,, Centenario LP-770
1190,Lamborghini,, Cheetah
1191,Lamborghini,, Countach
1192,Lamborghini,, Diablo
1193,Lamborghini,, Egoista
1194,Lamborghini,, Espada
1195,Lamborghini,, Essenza SCV12
1196,Lamborghini,, Estoque
1197,Lamborghini,, Flying Star II
1198,Lamborghini,, Gallardo
1199,Lamborghini,, Huracán
1200,Lamborghini,, Islero
1201,Lamborghini,, Jalpa
1202,Lamborghini,, Jarama
1203,Lamborghini,, Auténtica
1204,Lamborghini,, Invencible
1205,Lamborghini,, LM001
1206,Lamborghini,, LM002
1207,Lamborghini,, LM004
1208,Lamborghini,, LMA002
1209,Lamborghini,, Marco Polo
1210,Lamborghini,, Marzal
1211,Lamborghini,, Minautoro
1212,Lamborghini,, Miura
1213,Lamborghini,, Murciélago
1214,Lamborghini,, Pregunta
1215,Lamborghini,, Reventón
1216,Lamborghini,, Revuelto
1217,Lamborghini,, SC63
1218,Lamborghini,, Sesto Elemento
1219,Lamborghini,, Sián FKP 37
1220,Lamborghini,, Silhouette
1221,Lamborghini,, Temerario
1222,Lamborghini,, Terzo Millennio
1223,Lamborghini,, Urraco
1224,Lamborghini,, Urus
1225,Lamborghini,, Veneno
1226,Lancia,,Anexo:Modelos de 
1227,Lancia,,Anexo:Modelos de  Veicoli Industriali
1228,Lancia,, 037
1229,Lancia,, 2000
1230,Lancia,, Alfa
1231,Lancia,, Appia
1232,Lancia,, Aprilia
1233,Lancia,, Ardea
1234,Lancia,, Aurelia
1235,Lancia,, Artena
1236,Lancia,, Astura
1237,Lancia,, Augusta
1238,Lancia,, Beta
1239,Lancia,, Beta 15/20hp
1240,Lancia,, Beta Trevi
1241,Lancia,, Dedra
1242,Lancia,, Delta
1243,Lancia,, Delta 20/30hp
1244,Lancia,, Delta S4
1245,Lancia,, Dialfa-18/24hp
1246,Lancia,, Dikappa
1247,Lancia,, Dilambda
1248,Lancia,, Epsilon
1249,Lancia,, Eta
1250,Lancia,, Flaminia
1251,Lancia,, Flavia
1252,Lancia,, Flavia (2011)
1253,Lancia,, Fulvia
1254,Lancia,, Gamma
1255,Lancia,, Gamma-20HP
1256,Lancia,, Kappa
1257,Lancia,, Kappa (1919)
1258,Lancia,, Lambda
1259,Lancia,, LC1
1260,Lancia,, LC2
1261,Lancia,, Lybra
1262,Lancia,, Montecarlo
1263,Lancia,, Musa
1264,Lancia,, Prisma
1265,Lancia,, Stratos
1266,Lancia,, Thema
1267,Lancia,, Thema (2011)
1268,Lancia,, Thesis
1269,Lancia,, Theta
1270,Lancia,, Trikappa
1271,Lancia,, Voyager
1272,Lancia,, Y10
1273,Lancia,, Ypsilon
1274,Lancia,, Zeta-12/15hp
1275,Land Rover,, 101 Forward Control
1276,Land Rover,, Defender
1277,Land Rover,, Discovery
1278,Land Rover,, Discovery Sport
1279,Land Rover,, Freelander
1280,Land Rover,,Range Rover
1281,Land Rover,,Range Rover Evoque
1282,Land Rover,,Range Rover Sport
1283,Lexus,, CT
1284,Lexus,, GS
1285,Lexus,Toyota,Land Cruiser Prado
1286,Lexus,, IS
1287,Lexus,, LX
1288,Lexus,, LFA
1289,Lexus,, NX
1290,Lexus,, RX
1291,Lexus,, SC
1292,Lexus,, UX
1293,Lincoln,, Aviator
1294,Lincoln,, Continental
1295,Lincoln,, Cosmopolitan
1296,Lincoln,Ford,Fusion (América)
1297,Lincoln,, Nautilus
1298,Lincoln,, MKZ (automóvil)
1299,Lincoln,, MKC
1300,Lincoln,, MKS
1301,Lincoln,, MKT
1302,Lincoln,, Navigator
1303,Lincoln,, Town Car
1304,Lotus,, 2-Eleven
1305,Lotus,, 340R
1306,Lotus,, Elan
1307,Lotus,, Elise
1308,Lotus,, Emira
1309,Lotus,, Esprit
1310,Lotus,, Evija
1311,Lotus,, Excel
1312,Lotus,, Exige
1313,Lotus,, Europa S
1314,Lotus,, Evora
1315,Lotus,, Mark I
1316,Lotus,, Mark II
1317,Lotus,, Seven
1318,Maserati,,Anexo:Modelos de 
1319,Maserati,, 8CM
1320,Maserati,, 3200 GT
1321,Maserati,, 5000 GT
1322,Maserati,, A6
1323,Maserati,, Biturbo
1324,Maserati,, Bora
1325,Maserati,, Coupé/Spyder
1326,Maserati,, Ghibli (1967)
1327,Maserati,, Ghibli (2013)
1328,Maserati,, GranTurismo
1329,Maserati,, Khamsin
1330,Maserati,, Levante
1331,Maserati,, 4CL y 4CLT
1332,Maserati,, 8CTF
1333,Maserati,, Ghibli
1334,Maserati,, Ghibli (1992)
1335,Maserati,, MC12
1336,Maserati,, MC20
1337,Maserati,, MCXtrema
1338,Maserati,, Mistral
1339,Maserati,, Quattroporte
1340,Maserati,, Sebring
1341,Maserati,, Shamal
1342,Mazda,, 3
1343,Mazda,, 6
1344,Mazda,,Autozam Revue
1345,Mazda,, 323
1346,Mazda,, 626
1347,Mazda,, 787B
1348,Mazda,, Serie B
1349,Mazda,, BT-50
1350,Mazda,, Chantez
1351,Mazda,, CX-3
1352,Mazda,, CX-5
1353,Mazda,, CX-7
1354,Mazda,, CX-9
1355,Mazda,, Furai
1356,Mazda,, 2
1357,Mazda,, Cosmo
1358,Mazda,, CX-30
1359,Mazda,, CX-60
1360,Mazda,, MPV
1361,Mazda,, Suitcase Car
1362,Mazda,, Tribute
1363,Mazda,, Millenia
1364,Mazda,, Minagi Concept
1365,Mazda,, MX-5
1366,Mazda,, MXR-01
1367,Mazda,, Premacy
1368,Mazda,, RX-7
1369,Mazda,, RX-8
1370,Mazda,, T
1371,Mazda,, Takeri Concept
1372,Mazda,, Xedos
1373,Mercedes-Benz,, Sprinter
1374,Mercedes-Benz,,Anexo:Modelos de  desde 1980 hasta la actualidad
1375,Mercedes-Benz,,Mercedes 35 CV
1376,Mercedes-Benz,, 190
1377,Mercedes-Benz,, 190 SL
1378,Mercedes-Benz,, 300 SL
1379,Mercedes-Benz,, 300SEL 6.3
1380,Mercedes-Benz,, 600
1381,Mercedes-Benz,, 770
1382,Mercedes-Benz,, Clase A
1383,Mercedes-Benz,, Actros
1384,Mercedes-Benz,,Mercedes-AMG One
1385,Mercedes-Benz,, Clase B
1386,Mercedes-Benz,,Benz Patent-Motorwagen
1387,Mercedes-Benz,,Benz-Tropfenwagen
1388,Mercedes-Benz,, C W204
1389,Mercedes-Benz,, C W206
1390,Mercedes-Benz,, Clase C
1391,Mercedes-Benz,, C112
1392,Mercedes-Benz,, Citan
1393,Mercedes-Benz,, Clase CL
1394,Mercedes-Benz,, Clase C Sportcoupé
1395,Mercedes-Benz,, Clase CLC
1396,Mercedes-Benz,, Clase CLK
1397,Mercedes-Benz,, CLK GTR
1398,Mercedes-Benz,, Clase CLS
1399,Mercedes-Benz,, Clase E
1400,Mercedes-Benz,, W212 E63 AMG
1401,Mercedes-Benz,, Econic
1402,Mercedes-Benz,, EQC
1403,Mercedes-Benz,,Flechas plateadas
1404,Mercedes-Benz,, Clase G
1405,Mercedes-Benz,, Clase GLS
1406,Mercedes-Benz,, Clase GLA
1407,Mercedes-Benz,, Clase GLB
1408,Mercedes-Benz,, Clase GLE
1409,Mercedes-Benz,, Clase GLC
1410,Mercedes-Benz,,Mercedes-AMG GT
1411,Mercedes-Benz,, L 319
1412,Mercedes-Benz,, MB 100
1413,Mercedes-Benz,, 260 D
1414,Mercedes-Benz,, 300 SLR
1415,Mercedes-Benz,, CLA-Class
1416,Mercedes-Benz,, Clase CLS (C218)
1417,Mercedes-Benz,, Clase CLS (C257)
1418,Mercedes-Benz,, EQS
1419,Mercedes-Benz,, EQS SUV
1420,Mercedes-Benz,, Heckmotor
1421,Mercedes-Benz,, L3000
1422,Mercedes-Benz,, T80
1423,Mercedes-Benz,, N1300
1424,Mercedes-Benz,, Necar 5
1425,Mercedes-Benz,, Clase R
1426,Mercedes-Benz,, R107
1427,Mercedes-Benz,, R170
1428,Mercedes-Benz,,Mercedes S63 AMG
1429,Mercedes-Benz,,Mercedes S65 AMG
1430,Mercedes-Benz,, Clase S
1431,Mercedes-Benz,,Mercedes Simplex
1432,Mercedes-Benz,, Clase SL
1433,Mercedes-Benz,, Clase SLC
1434,Mercedes-Benz,, Clase SLC (2015)
1435,Mercedes-Benz,, SLR McLaren
1436,Mercedes-Benz,, SLS AMG
1437,Mercedes-Benz,, SS
1438,Mercedes-Benz,, SSK
1439,Mercedes-Benz,, T2
1440,Mercedes-Benz,,Unimog
1441,Mercedes-Benz,, Vaneo
1442,Mercedes-Benz,, Vito
1443,Mercedes-Benz,, W114/W115
1444,Mercedes-Benz,, W123
1445,Mercedes-Benz,, W125
1446,Mercedes-Benz,, W180
1447,Mercedes-Benz,, W201
1448,MG,, 3
1449,MG,, 18/80
1450,MG,,Roewe 550
1451,MG,Austin,Morris 1100/1300 (BMC ADO16)
1452,MG,, A
1453,MG,,Maxus T60
1454,MG,, F
1455,MG,, GT
1456,MG,, Metro
1457,MG,,Roewe 750
1458,MG,, Metro 6R4
1459,MG,, Midget
1460,MG,, P-type
1461,MG,, T-type
1462,MG,, X-Power SV
1463,Mitsubishi,, Carisma
1464,Mitsubishi,, Chariot
1465,Mitsubishi,, Colt
1466,Mitsubishi,, Concept-RA
1467,Mitsubishi,, Eclipse
1468,Mitsubishi,, Endeavor
1469,Mitsubishi,, Galant
1470,Mitsubishi,, Galant VR-4
1471,Mitsubishi,, Grandis
1472,Mitsubishi,, 3000GT
1473,Mitsubishi,, i-MiEV
1474,Mitsubishi,, L200
1475,Mitsubishi,, Lancer
1476,Mitsubishi,, Lancer Evolution
1477,Mitsubishi,, Lancer (A70)
1478,Mitsubishi,, Montero
1479,Mitsubishi,, Montero Evolution
1480,Mitsubishi,, Nativa
1481,Mitsubishi,, Outlander
1482,Mitsubishi,, RVR
1483,Moskvitch,, 400
1484,Moskvitch,, 401/420
1485,Moskvitch,, 402
1486,Moskvitch,, 404 Sport
1487,Moskvitch,, 407
1488,Moskvitch,, 408
1489,Moskvitch,, 410
1490,Moskvitch,, 412
1491,Moskvitch,, 2141 Aleko
1492,Moskvitch,, 2142
1493,Moskvitch,, G1
1494,Moskvitch,, G2
1495,Moskvitch,, G3
1496,Moskvitch,, G4
1497,Moskvitch,, G5
1498,Nissan,, 280 ZX
1499,Nissan,, 300 ZX
1500,Nissan,, 350Z
1501,Nissan,, 370Z
1502,Nissan,,Datsun 510
1503,Nissan,, Almera
1504,Nissan,, Ariya
1505,Nissan,, Armada
1506,Nissan,, Concept 2020 Vision Gran Turismo
1507,Nissan,, Kicks
1508,Nissan,, Cube
1509,Nissan,, Esflow
1510,Nissan,, Fairlady Z
1511,Nissan,, Figaro
1512,Nissan,, Frontier
1513,Nissan,, GT-R
1514,Nissan,, Juke
1515,Nissan,, Leaf
1516,Nissan,, Lucino
1517,Nissan,, Maxima
1518,Nissan,, Micra
1519,Nissan,, Murano
1520,Nissan,, Altima
1521,Nissan,, Pao
1522,Nissan,, Skyline (R34)
1523,Nissan,, Z (Z34)
1524,Nissan,, Note
1525,Nissan,, NV200
1526,Nissan,, Pathfinder
1527,Nissan,, Patrol
1528,Nissan,, Primera
1529,Nissan,, Qashqai
1530,Nissan,, Quest
1531,Nissan,, R90C
1532,Nissan,, S-Cargo
1533,Nissan,, Sentra
1534,Nissan,, Sentra B17
1535,Nissan,, Serena
1536,Nissan,, Sileighty
1537,Nissan,, Silvia
1538,Nissan,, Skyline
1539,Nissan,, Teana
1540,Nissan,, Terrano II
1541,Nissan,, Tiida
1542,Nissan,, Titan
1543,Nissan,, Trade
1544,Nissan,, Tsuru V16
1545,Nissan,, URGE
1546,Nissan,, Urvan
1547,Nissan,, Vanette
1548,Nissan,, Versa
1549,Nissan,, Violet
1550,Nissan,, X-Trail
1551,Oldsmobile,, Series 70
1552,Oldsmobile,, 88
1553,Oldsmobile,, 98
1554,Oldsmobile,, 442
1555,Oldsmobile,, Achieva
1556,Oldsmobile,, Alero
1557,Oldsmobile,, Aurora
1558,Oldsmobile,, Bravada
1559,Oldsmobile,, Cutlass
1560,Oldsmobile,, Cutlass Calais
1561,Oldsmobile,, Cutlass Ciera
1562,Oldsmobile,, Cutlass Supreme
1563,Oldsmobile,, F-85
1564,Oldsmobile,, Intrigue
1565,Oldsmobile,, Silhouette
1566,Oldsmobile,, Six
1567,Oldsmobile,, Toronado
1568,Oldsmobile,, Vista Cruiser
1569,Opel,, Admiral
1570,Opel,, Adam
1571,Opel,, Agila
1572,Opel,, Ascona
1573,Opel,, Astra
1574,Opel,, Blitz
1575,Opel,, Calibra
1576,Opel,,Buick Cascada
1577,Opel,, Combo
1578,Opel,, Commodore
1579,Opel,, Corsa
1580,Opel,, Diplomat
1581,Opel,, Frontera
1582,Opel,, Grandland
1583,Opel,, GT
1584,Opel,, GTC Concept
1585,Opel,, Insignia Concept
1586,Opel,, Insignia
1587,Opel,, K-180
1588,Opel,,Chevrolet Kadett
1589,Opel,, Kadett
1590,Opel,, Kapitän
1591,Opel,, Manta
1592,Opel,, Crossland
1593,Opel,, Meriva
1594,Opel,, Mokka
1595,Opel,, Monterey
1596,Opel,, Monza
1597,Opel,, Omega
1598,Opel,," 1,2"
1599,Opel,," 1,8"
1600,Opel,, Laubfrosch
1601,Opel,, Olympia
1602,Opel,, Rekord
1603,Opel,, Senator
1604,Opel,, Speedster
1605,Opel,,Brama Automovil
1606,Opel,, Tigra
1607,Opel,, Vectra
1608,Opel,, Zafira
1609,Packard,, 200
1610,Packard,, 300
1611,Packard,, 1957 y 1958
1612,Packard,, Caribbean
1613,Packard,, Cavalier
1614,Packard,, Clipper
1615,Packard,, Custom Super Eight
1616,Packard,, Eight
1617,Packard,, Executive
1618,Packard,,Flintstone Flyer
1619,Packard,, Four
1620,Packard,, Four Hundred
1621,Packard,, Hawk
1622,Packard,, Light Eight
1623,Packard,, Mayfair
1624,Packard,, Model G
1625,Packard,, Monocilíndrico
1626,Packard,, One-Ten
1627,Packard,, One-Twenty
1628,Packard,, Pacific
1629,Packard,, Panther
1630,Packard,, Pan-American
1631,Packard,, Patrician
1632,Packard,, Six
1633,Packard,, Station Sedan
1634,Packard,,Studebaker- Hawk series
1635,Packard,, Super Eight
1636,Packard,, Twelve
1637,Perodua,, Kelisa
1638,Peugeot,, 104
1639,Peugeot,, 106
1640,Peugeot,, 108
1641,Peugeot,, 201
1642,Peugeot,, 202
1643,Peugeot,, 203
1644,Peugeot,, 204
1645,Peugeot,, 205
1646,Peugeot,, 206
1647,Peugeot,, 207
1648,Peugeot,, 207 Compact
1649,Peugeot,, 208
1650,Peugeot,, 301
1651,Peugeot,, 301 (1932)
1652,Peugeot,, 301 (2012)
1653,Peugeot,, 302
1654,Peugeot,, 304
1655,Peugeot,, 305
1656,Peugeot,, 306
1657,Peugeot,, 307
1658,Peugeot,, 308
1659,Peugeot,, 309
1660,Peugeot,, 401
1661,Peugeot,, 402
1662,Peugeot,, 403
1663,Peugeot,, 404
1664,Peugeot,, 405
1665,Peugeot,, 406
1666,Peugeot,, 407
1667,Peugeot,, 408
1668,Peugeot,, 504
1669,Peugeot,, 505
1670,Peugeot,, 508
1671,Peugeot,, 601
1672,Peugeot,, 604
1673,Peugeot,, 605
1674,Peugeot,, 607
1675,Peugeot,, 908 HDi FAP
1676,Peugeot,, 908 RC
1677,Peugeot,, 1007
1678,Peugeot,, 2008
1679,Peugeot,, 3008
1680,Peugeot,, 4007
1681,Peugeot,, 5008
1682,Peugeot,,Citycar (PSA/Toyota)
1683,Peugeot,, EX3
1684,Peugeot,,Furgoneta mediana (Sevel)
1685,Peugeot,, L76
1686,Peugeot,,Mitsubishi RVR
1687,Peugeot,, Onyx
1688,Peugeot,, 205 Turbo 16
1689,Peugeot,, P4
1690,Peugeot,, Tipo 26
1691,Peugeot,, Tipo 125
1692,Peugeot,, Tipo 143
1693,Peugeot,, Tipo 159
1694,Peugeot,, RCZ
1695,Peugeot,, Tipo 1
1696,Peugeot,, Tipo 4
1697,Peugeot,, Tipo 8
1698,Peugeot,, Tipo 10
1699,Peugeot,, Tipo 56
1700,Peugeot,, Tipo 58
1701,Peugeot,, Tipo 69
1702,Peugeot,, Tipo 105
1703,Peugeot,, Tipo 163
1704,Peugeot,, Tipo 176
1705,Peugeot,, Tipo 190
1706,Plymouth,, Concord
1707,Plymouth,, Gran Fury
1708,Plymouth,, Barracuda
1709,Plymouth,, Duster
1710,Plymouth,, Fury
1711,Plymouth,, Prowler
1712,Plymouth,, Road Runner
1713,Plymouth,, Satellite
1714,Plymouth,, Valiant
1715,Plymouth,, Voyager
1716,Pontiac,, Aztek
1717,Pontiac,, Catalina
1718,Pontiac,, Fiero
1719,Pontiac,, Firebird
1720,Pontiac,, G6
1721,Pontiac,, Grand Am
1722,Pontiac,, Grand Prix
1723,Pontiac,, GTO
1724,Pontiac,, LeMans
1725,Pontiac,, Phantom
1726,Pontiac,, Phoenix
1727,Pontiac,, Solstice
1728,Pontiac,, Streamliner
1729,Pontiac,, Sunbird
1730,Pontiac,, Sunfire
1731,Pontiac,, Tempest
1732,Pontiac,, Torrent
1733,Pontiac,, Ventura
1734,Pontiac,,Toyota Matrix
1735,Porsche,, 356
1736,Porsche,, 550
1737,Porsche,, 597
1738,Porsche,, 901
1739,Porsche,, 911
1740,Porsche,, 911 (clásico)
1741,Porsche,, 911 Carrera RSR Turbo
1742,Porsche,, 911 GT1
1743,Porsche,, 911 GT2
1744,Porsche,, 911 GT3
1745,Porsche,, 914
1746,Porsche,, 917
1747,Porsche,, 918
1748,Porsche,, 924
1749,Porsche,, 928
1750,Porsche,, 931 Club Sport
1751,Porsche,, 944
1752,Porsche,, 959
1753,Porsche,, 968
1754,Porsche,, 997
1755,Porsche,, Boxster
1756,Porsche,, Carrera GT
1757,Porsche,, Cayenne
1758,Porsche,, Cayman
1759,Porsche,, Junior
1760,Porsche,, Macan
1761,Porsche,,Memminger Roadster 2.7
1762,Porsche,, Mission R
1763,Porsche,, Mission X
1764,Porsche,, Panamera
1765,Porsche,, 912
1766,Porsche,, 996
1767,Porsche,, Spirit
1768,Porsche,, Super
1769,Porsche,, Taycan
1770,Rambler,, American
1771,Rambler,, Classic
1772,Rambler,, Marlin
1773,Rambler,, Rebel
1774,Rambler,, Six y V8
1775,Rambler,,AMC  Tarpon
1776,Renault,, 3
1777,Renault,, 4
1778,Renault,, 4 furgoneta
1779,Renault,, 40CV
1780,Renault,, 4CV
1781,Renault,, 5
1782,Renault,, 6
1783,Renault,, 7
1784,Renault,, 8
1785,Renault,, 9/11
1786,Renault,, 10
1787,Renault,, 12
1788,Renault,, 14
1789,Renault,, 15/17
1790,Renault,, 16
1791,Renault,, 18
1792,Renault,, 19
1793,Renault,, 20/30
1794,Renault,, 21
1795,Renault,, 25
1796,Renault,, 900
1797,Renault,, Altica
1798,Renault,, Argos
1799,Renault,, Arkana
1800,Renault,, Austral
1801,Renault,, Avantime
1802,Renault,, Kangoo Compact Concept
1803,Renault,, Captur
1804,Renault,, Caravelle
1805,Renault,, Celtaquatre
1806,Renault,, Clio
1807,Renault,, Dauphine
1808,Renault,, Duster Oroch
1809,Renault,,Eagle Medallion
1810,Renault,, Egeus
1811,Renault,, Espace
1812,Renault,, Étoile Filante
1813,Renault,, Nervastella
1814,Renault,, Express
1815,Renault,, Fluence
1816,Renault,, Fluence Z.E.
1817,Renault,, Frégate
1818,Renault,, Fuego
1819,Renault,, Grand Modus
1820,Renault,, Juvaquatre
1821,Renault,, Kadjar
1822,Renault,, Kangoo
1823,Renault,, Kerax
1824,Renault,, Koleos
1825,Renault,, Kwid
1826,Renault,, Laguna
1827,Renault,, Latitude
1828,Renault,, Magnum
1829,Renault,, Mascott
1830,Renault,, Master
1831,Renault,, Maxity
1832,Renault,, Mégane
1833,Renault,, Megane III RS Trophy
1834,Renault,, Modus
1835,Renault,, Monaquatre
1836,Renault,, Nepta
1837,Renault,, Nervasport des Records
1838,Renault,,Eagle Premier
1839,Renault,, Premium Distribution
1840,Renault,, Premium Lander
1841,Renault,, Premium Long Distance
1842,Renault,, Racoon
1843,Renault,, Estafette
1844,Renault,, Mégane IV
1845,Renault,, Rafale
1846,Renault,, Safrane
1847,Renault,,Dacia Sandero
1848,Renault,, Scénic
1849,Renault,, Samsung SM7
1850,Renault,, Sport R.S. 01
1851,Renault,, Supercinco
1852,Renault,, Symbol
1853,Renault,, Talisman
1854,Renault,, Trafic
1855,Renault,, Trucks T
1856,Renault,, Twingo
1857,Renault,, Twizy
1858,Renault,, Vel Satis
1859,Renault,, Vesta 2
1860,Renault,, Vivastella
1861,Renault,, Voiturette
1862,Renault,, Wind
1863,Rolls-Royce,,Anexo:Automóviles 
1864,Rolls-Royce,, 10 hp
1865,Rolls-Royce,, 15 hp
1866,Rolls-Royce,, 20/25
1867,Rolls-Royce,, 20 hp (1905)
1868,Rolls-Royce,, 25/30
1869,Rolls-Royce,, 30 hp
1870,Rolls-Royce,,Automóvil blindado 
1871,Rolls-Royce,, Camargue
1872,Rolls-Royce,, Corniche
1873,Rolls-Royce,, Corniche (2000)
1874,Rolls-Royce,, psicodélico de John Lennon
1875,Rolls-Royce,, Phantom
1876,Rolls-Royce,, Phantom I
1877,Rolls-Royce,, Phantom II
1878,Rolls-Royce,, Phantom III
1879,Rolls-Royce,, Phantom IV
1880,Rolls-Royce,, Phantom V
1881,Rolls-Royce,, Phantom VI
1882,Rolls-Royce,, Silver Cloud
1883,Rolls-Royce,, Silver Dawn
1884,Rolls-Royce,, Silver Ghost
1885,Rolls-Royce,, Silver Seraph
1886,Rolls-Royce,, Silver Shadow
1887,Rolls-Royce,, Silver Spirit
1888,Rolls-Royce,, Silver Wraith
1889,Rolls-Royce,, Spectre
1890,Rolls-Royce,, Twenty
1891,Rolls-Royce,, V-8
1892,Rolls-Royce,, Wraith
1893,Rover,, 12
1894,Rover,, 45
1895,Rover,, 75
1896,Rover,, 100
1897,Rover,, 200/25
1898,Rover,, 400
1899,Rover,, 600
1900,Rover,, 800
1901,Rover,,-BRM
1902,Rover,,MG Metro
1903,Rover,, P6
1904,Rover,, JET1
1905,Rover,, SD1
1906,Rover,,Tata Indica/Indigo
1907,Saab,, 9-3
1908,Saab,, 9-5
1909,Saab,, 90
1910,Saab,, 92
1911,Saab,, 93
1912,Saab,, 95
1913,Saab,, 96
1914,Saab,, 98
1915,Saab,, 99
1916,Saab,, 900
1917,Saab,, 9000
1918,Saab,, Ursaab
1919,Saturn,, Corporation
1920,Saturn,, Aura
1921,Saturn,, ION
1922,Saturn,, S-Series
1923,Saturn,, Sky
1924,SEAT,,Anexo:Modelos de 
1925,SEAT,, 1200 Sport
1926,SEAT,, 20v20 Concept
1927,SEAT,, 124
1928,SEAT,, 127
1929,SEAT,, 128
1930,SEAT,, 131
1931,SEAT,, 132
1932,SEAT,, 133
1933,SEAT,, 600
1934,SEAT,, 800
1935,SEAT,, 850
1936,SEAT,, 1400
1937,SEAT,, 1430
1938,SEAT,, 1500
1939,SEAT,, Alhambra
1940,SEAT,, Altea
1941,SEAT,, Arona
1942,SEAT,, Arosa
1943,SEAT,, Ateca
1944,SEAT,, Bocanegra
1945,SEAT,, Bolero
1946,SEAT,, Concepto T
1947,SEAT,, Córdoba
1948,SEAT,, Córdoba I
1949,SEAT,, Córdoba II
1950,SEAT,,Cupra Born
1951,SEAT,,Cupra e-Racer
1952,SEAT,, Cupra GT
1953,SEAT,, Exeo
1954,SEAT,,Cupra Formentor
1955,SEAT,, Fórmula
1956,SEAT,, Fura
1957,SEAT,, IBe
1958,SEAT,, Ibiza
1959,SEAT,, Ibiza I
1960,SEAT,, Ibiza II
1961,SEAT,, Ibiza III
1962,SEAT,, Ibiza IV
1963,SEAT,, Ibiza V
1964,SEAT,, IBL
1965,SEAT,, IBX
1966,SEAT,, IBZ
1967,SEAT,, Inca
1968,SEAT,, León
1969,SEAT,, León I
1970,SEAT,, León II
1971,SEAT,, León III
1972,SEAT,, León IV
1973,SEAT,, Málaga
1974,SEAT,, Marbella
1975,SEAT,, Mii
1976,SEAT,, Minimó
1977,SEAT,, Panda
1978,SEAT,, Proto
1979,SEAT,,Cupra UrbanRebel
1980,SEAT,, Ritmo
1981,SEAT,, Ronda
1982,SEAT,, Salsa
1983,SEAT,, Tango
1984,SEAT,, Tarraco
1985,SEAT,,Cupra Tavascan
1986,SEAT,, Toledo
1987,SEAT,, Toledo I
1988,SEAT,, Toledo II
1989,SEAT,, Toledo III
1990,SEAT,, Toledo IV
1991,SEAT,, Tribu
1992,Simca,, 5
1993,Simca,, 6
1994,Simca,, 8
1995,Simca,, 1000
1996,Simca,, 1100
1997,Simca,, Ariane
1998,Simca,, Aronde P-60
1999,Škoda,, 1201
2000,Škoda,, Citigo
2001,Škoda,, Fabia
2002,Škoda,, Favorit
2003,Škoda,, Felicia
2004,Škoda,, Kamiq
2005,Škoda,, Karoq
2006,Škoda,, Kodiaq
2007,Škoda,, Octavia
2008,Škoda,, Octavia (1959)
2009,Škoda,, Rapid
2010,Škoda,, Rapid (2012)
2011,Škoda,, Roomster
2012,Škoda,, Scala
2013,Škoda,, Enyaq
2014,Škoda,, Spaceback
2015,Škoda,, Superb
2016,Škoda,, Yeti
2017,Subaru,, 360
2018,Subaru,, Forester
2019,Subaru,, Impreza
2020,Subaru,, Impreza WRC
2021,Subaru,, Justy
2022,Subaru,, Legacy
2023,Subaru,, Leone
2024,Subaru,, Rex
2025,Subaru,, Stella
2026,Subaru,, Tribeca
2027,Subaru,, XV
2028,Suzuki,,Suzuki Aerio
2029,Suzuki,,Suzuki Alto
2030,Suzuki,,Suzuki Baleno
2031,Suzuki,,Suzuki Cappuccino
2032,Suzuki,,Suzuki Carry
2033,Suzuki,,Suzuki Ciaz
2034,Suzuki,,Suzuki Ertiga
2035,Suzuki,,Suzuki Ignis
2036,Suzuki,,Suzuki Jimny
2037,Suzuki,,Suzuki Kizashi
2038,Suzuki,,Suzuki S-Cross
2039,Suzuki,,Suzuki Splash
2040,Suzuki,Suzuki,Escudo Pikes Peak
2041,Suzuki,,Suzuki X-90
2042,Suzuki,,Suzuki Swift
2043,Suzuki,,Suzuki SX4
2044,Suzuki,,Suzuki Vitara
2045,Suzuki,Suzuki,Wagon R
2046,Suzuki,,Suzuki XL7
2047,Toyota,,Anexo:Modelos de 
2048,Toyota,, 4Runner
2049,Toyota,, 2000GT
2050,Toyota,, AA
2051,Toyota,, AE86
2052,Toyota,, Alessandro Volta
2053,Toyota,, Alphard
2054,Toyota,, Auris
2055,Toyota,, Avanza
2056,Toyota,, Avensis
2057,Toyota,, Aygo
2058,Toyota,, C-HR
2059,Toyota,, Camry
2060,Toyota,, Camry TC
2061,Toyota,, Celica
2062,Toyota,,Chevrolet Cavalier
2063,Toyota,,Citycar (PSA/)
2064,Toyota,, Coaster
2065,Toyota,, Corolla
2066,Toyota,, Corolla (E100)
2067,Toyota,, Corolla Verso
2068,Toyota,, Crown
2069,Toyota,, Dyna
2070,Toyota,, Etios
2071,Toyota,, FJ Cruiser
2072,Toyota,, Fortuner
2073,Toyota,, FT1
2074,Toyota,, Fun Cargo
2075,Toyota,, Granvia
2076,Toyota,, GT86
2077,Toyota,, Hiace
2078,Toyota,, Highlander
2079,Toyota,, Hilux
2080,Toyota,, Innova
2081,Toyota,, iQ
2082,Toyota,, Urban Cruiser
2083,Toyota,, Land Cruiser
2084,Toyota,,Lunar Cruiser
2085,Toyota,, Matrix
2086,Toyota,, Mirai
2087,Toyota,, MR2
2088,Toyota,, Paseo
2089,Toyota,, Premio
2090,Toyota,, Prius
2091,Toyota,, Prius c
2092,Toyota,, Prius V
2093,Toyota,, Prius Plug-in
2094,Toyota,, Probox
2095,Toyota,, RAV4
2096,Toyota,, Sera
2097,Toyota,, Sienna
2098,Toyota,, Sports 800
2099,Toyota,, Starlet
2100,Toyota,, Supra
2101,Toyota,, Tacoma
2102,Toyota,, ToyoAce
2103,Toyota,, bZ4X
2104,Toyota,, Noah
2105,Toyota,, RAV4 eléctrico
2106,Toyota,, T100
2107,Toyota,, Tundra
2108,Toyota,, Vitz
2109,Toyota,, Yaris
2110,Triumph,, 2000/2.5PI/2500
2111,Triumph,, Acclaim
2112,Triumph,, Dolomite
2113,Triumph,, GT6
2114,Triumph,, Herald
2115,Triumph,, Spitfire
2116,Triumph,, Toledo
2117,Triumph,, TR
2118,Triumph,, TR1 / 20TS
2119,Triumph,, TR2
2120,Triumph,, TR4
2121,Triumph,, TR4A
2122,Triumph,, TR5
2123,Triumph,, TR6
2124,Triumph,, TR7
2125,Triumph,, TR8
2126,Triumph,, Stag
2127,Triumph,, TR3
2128,Triumph,, TR7 Sprint
2129,TVR,, Cerbera Speed 12
2130,TVR,, Cerbera
2131,TVR,, Chimaera
2132,TVR,, Grantura
2133,TVR,, Griffith
2134,TVR,, No1
2135,TVR,, Sagaris
2136,TVR,, Tamora
2137,TVR,, Typhon
2138,Vauxhall,, Cavalier
2139,Vauxhall,, Chevette
2140,Vauxhall,, SRV
2141,Vauxhall,, Victor
2142,Vauxhall,, Viva
2143,Volkswagen,,Anexo:Modelos de 
2144,Volkswagen,,Porsche 914
2145,Volkswagen,,Dodge 1500
2146,Volkswagen,, 1500
2147,Volkswagen,, Amarok
2148,Volkswagen,, Apollo
2149,Volkswagen,, Arteon
2150,Volkswagen,, ARVW
2151,Volkswagen,, Bora
2152,Volkswagen,, Brasilia
2153,Volkswagen,, Caddy
2154,Volkswagen,,Anexo:Productos de la  Caminhões e Ônibus
2155,Volkswagen,, CC
2156,Volkswagen,, Passat CC
2157,Volkswagen,, Corrado
2158,Volkswagen,, Crafter
2159,Volkswagen,, Eos
2160,Volkswagen,, Fox
2161,Volkswagen,, Fox (Norte América)
2162,Volkswagen,, Gol
2163,Volkswagen,, Gol AB9
2164,Volkswagen,, Gol BX
2165,Volkswagen,, Golf
2166,Volkswagen,, Golf VII
2167,Volkswagen,, Golf I
2168,Volkswagen,, Golf II
2169,Volkswagen,, Golf III
2170,Volkswagen,, Golf IV
2171,Volkswagen,, Golf Plus
2172,Volkswagen,, Golf V
2173,Volkswagen,, Golf VI
2174,Volkswagen,, Golf VIII
2175,Volkswagen,, tipo 14A (Hebmüller Cabriolet)
2176,Volkswagen,, Hormiga
2177,Volkswagen,, Iltis
2178,Volkswagen,, Jetta
2179,Volkswagen,, Jetta I
2180,Volkswagen,, Jetta II
2181,Volkswagen,, Jetta V
2182,Volkswagen,, Jetta VI
2183,Volkswagen,, Jetta VII
2184,Volkswagen,, K70
2185,Volkswagen,, Karmann Ghia
2186,Volkswagen,, Kübelwagen
2187,Volkswagen,, Lavida
2188,Volkswagen,, Logus
2189,Volkswagen,, Lupo
2190,Volkswagen,,Memminger Roadster 2.7
2191,Volkswagen,, New Beetle
2192,Volkswagen,, Nivus/Taigo
2193,Volkswagen,, Passat
2194,Volkswagen,, Passat B1
2195,Volkswagen,, Passat B2
2196,Volkswagen,, Passat B3
2197,Volkswagen,, Passat B4
2198,Volkswagen,, Passat B5
2199,Volkswagen,, Passat B6
2200,Volkswagen,, Passat B7
2201,Volkswagen,, Passat B8
2202,Volkswagen,, Passat Lingyu
2203,Volkswagen,, Passat NMS
2204,Volkswagen,, Phaeton
2205,Volkswagen,, Phideon
2206,Volkswagen,, Pointer
2207,Volkswagen,, Polo
2208,Volkswagen,, Polo Classic
2209,Volkswagen,, Polo I
2210,Volkswagen,, Polo II
2211,Volkswagen,, Polo III
2212,Volkswagen,, Polo IV
2213,Volkswagen,, Polo V
2214,Volkswagen,, Polo VI
2215,Volkswagen,, Routan
2216,Volkswagen,, Safari
2217,Volkswagen,, Santana
2218,Volkswagen,, Schwimmwagen
2219,Volkswagen,, Scirocco
2220,Volkswagen,,SEAT Mii
2221,Volkswagen,, Sharan
2222,Volkswagen,, SP
2223,Volkswagen,, T-Cross
2224,Volkswagen,, T-Roc
2225,Volkswagen,, Taos
2226,Volkswagen,, Tiguan
2227,Volkswagen,, Tipo 1
2228,Volkswagen,, Tipo 3
2229,Volkswagen,, Touareg
2230,Volkswagen,, Touran
2231,Volkswagen,, T3
2232,Volkswagen,, Tipo 2
2233,Volkswagen,, Tipo 4
2234,Volkswagen,, up!
2235,Volkswagen,, Vento
2236,Volkswagen,, Vento (A3)
2237,Volkswagen,, Virtus
2238,Volkswagen,, Atlas
2239,Volkswagen,, e-Golf
2240,Volkswagen,, e-up!
2241,Volkswagen,, ID.3
2242,Volkswagen,, ID.4
2243,Volkswagen,, Voyage
2244,Volvo,,Anexo:Modelos de 
2245,Volvo,, 140
2246,Volvo,, 142
2247,Volvo,, 164
2248,Volvo,, 240
2249,Volvo,, Serie 300
2250,Volvo,, 400
2251,Volvo,, 440
2252,Volvo,, 480
2253,Volvo,, 760
2254,Volvo,, 780
2255,Volvo,, 850
2256,Volvo,, Serie 900
2257,Volvo,, Amazon
2258,Volvo,, C30
2259,Volvo,, C70
2260,Volvo,, ECC
2261,Volvo,, ÖV 4
2262,Volvo,, P1800
2263,Volvo,,Polestar 2
2264,Volvo,, S40
2265,Volvo,, S60
2266,Volvo,, S80
2267,Volvo,, S90
2268,Volvo,, SCC
2269,Volvo,, V70
2270,Volvo,, PV 36 Carioca
2271,Volvo,, V40
2272,Volvo,, v90
2273,Volvo,, XC40
2274,Volvo,, XC60
2275,Volvo,, XC90
2276,Volvo,, YCC
2277,Zastava,, 10
2278,Zastava,, 101
2279,Zastava,, 125pz
2280,Zastava,, 750
2281,Zastava,, 1300/1500
2282,Zastava,, EuroZeta
2283,Zastava,, Florida
2284,Zastava,, Koral
2285,Zastava,, New Rival
2286,Zastava,, ZK101
2287,la ZIL,,ZIL-111
2288,la ZIL,,ZIL-112
2289,la ZIL,,ZIL-130
2290,la ZIL,,ZIL-131
2291,la ZIL,,ZIL-135
2292,la ZIL,,ZIL-157
2293,la ZIL,,ZIL-41047
2294,la ZIL,,BTR-152
2295,la ZIL,,ZIS-5
2296,la ZIL,,ZIS-6
2297,la ZIL,,ZIS-101
2298,la ZIL,,ZIS-150
2299,Audi,,Auto Union 1000
2300,Audi,DKW,Auto Union 1000
2301,Audi,,Automóviles de carreras Auto Union
2302,Audi,,DKW F8
2303,Audi,,DKW F89
2304,Audi,DKW,F89 L
2305,Audi,,DKW F91
2306,Audi,,DKW F93/F94
2307,Audi,,Mercedes-Benz N1300
2308,Audi,,DKW F102
2309,Audi,,DKW Munga
2310,Audi,, R8C
2311,Audi,, R8R
2312,Audi,, R8 LMP
2313,Audi,, R10 TDI
2314,Audi,, R15 TDI
2315,Audi,, R18
2316,BMW,, RS 700
2317,BMW,, M Hybrid V8
2318,BMW,,Mini John Cooper Works S2000
2319,BMW,,Mini John Cooper Works WRC
2320,BMW,, V12 LM
2321,BMW,, V12 LMR
2322,BMW,, CE 04
2323,BMW,, R 32
2324,BMW,, R 37
2325,BMW,, C1
2326,BMW,,CRD102  R100
2327,BMW,, F800R
2328,BMW,, F800 S
2329,BMW,, F900R
2330,BMW,, R/5
2331,BMW,, R75
2332,BMW,, R1100 GS
2333,BMW,, R1150 GS
2334,BMW,, R1200 GS
2335,BMW,, R1200 RT
2336,BMW,, 2800 Bertone Spicup
2337,BMW,, GINA
2338,BMW,, i8
2339,BMW,, IX3
2340,Chevrolet,, 400
2341,Chevrolet,, Chevrón
2342,Chevrolet,, Chevy
2343,Chevrolet,, Chevy Malibú
2344,Chevrolet,,Motor de bloque pequeño basado en LS de General Motors
2345,Citroën,, BX 4TC
2346,Citroën,, C3 R5
2347,Citroën,, C3 WRC
2348,Citroën,, C4 WRC
2349,Citroën,, DS3 WRC
2350,Citroën,, Xsara WRC
2351,Citroën,, C-Airplay
2352,Citroën,, C-Buggy
2353,Citroën,, C-Métisse
2354,Citroën,, C-SportLounge
2355,Citroën,, ZX Rallye-raid
2356,Citroën,,DS Wild Rubis
2357,Citroën,, Eco 2000
2358,Citroën,,GT by 
2359,Citroën,, Hypnos
2360,Citroën,, Lacoste
2361,Citroën,, Revolte
2362,Citroën,, Survolt
2363,Citroën,, Zabrus
2364,Ferrari,, 250 LM
2365,Ferrari,, 330 P4
2366,Ferrari,, 330 TRI/LM
2367,Ferrari,, 340 México
2368,Ferrari,, 512
2369,Ferrari,, 637
2370,Ferrari,, 333 SP
2371,Ferrari,, F430 Challenge
2372,Ferrari,, P
2373,Ferrari,, SP
2374,Ferrari,, TR
2375,Ford,, Escort WRC
2376,Ford,, Fiesta R5
2377,Ford,, Fiesta Rally2
2378,Ford,, Fiesta Rally3
2379,Ford,, Fiesta Rally4
2380,Ford,, Fiesta RS WRC
2381,Ford,, Fiesta S2000
2382,Ford,, Fiesta WRC
2383,Ford,, Focus WRC
2384,Ford,, Puma Rally1
2385,Ford,, GT90
2386,Ford,, Gyron
2387,Ford,, TH!NK
2388,Ford,, Iosis
2389,Ford,, Iosis X
2390,Ford,, Nucleon
2391,Ford,, Shelby GR-1
2392,Ford,, SYNus
2393,Ford,, Vega
2394,General Motors,,Buick Avenir
2395,General Motors,,Buick LaCrosse
2396,General Motors,,Buick Regal
2397,General Motors,,Buick Cascada
2398,General Motors,,Buick Centieme
2399,General Motors,,Buick Century
2400,General Motors,,Buick Electra
2401,General Motors,,Buick Envision
2402,General Motors,,Buick GL6
2403,General Motors,,Buick GL8
2404,General Motors,Buick,Gran Sport
2405,General Motors,,Buick LeSabre
2406,General Motors,,Buick Lucerne
2407,General Motors,Buick,Park Avenue
2408,General Motors,,Buick Riviera
2409,General Motors,,Buick Roadmaster
2410,General Motors,,Buick Skylark
2411,General Motors,,Buick Special
2412,General Motors,,Buick Terraza
2413,General Motors,,Buick Verano
2414,General Motors,,Buick Y-Job
2415,General Motors,,Cadillac ATS
2416,General Motors,,Cadillac BLS
2417,General Motors,,Cadillac Calais
2418,General Motors,Cadillac,Catera (automóvil)
2419,General Motors,,Cadillac Celestiq
2420,General Motors,,Cadillac Cimarron
2421,General Motors,,Cadillac Allanté
2422,General Motors,,Cadillac Brougham
2423,General Motors,,Cadillac Cien
2424,General Motors,,Cadillac CT4
2425,General Motors,,Cadillac CTS
2426,General Motors,,Cadillac DeVille
2427,General Motors,,Cadillac Eldorado
2428,General Motors,Cadillac,Modelo 30
2429,General Motors,Cadillac,Modelo D
2430,General Motors,Cadillac,Runabout y Tonneau
2431,General Motors,,Cadillac STS
2432,General Motors,Cadillac,Type V-63
2433,General Motors,,Cadillac XT6
2434,General Motors,,Cadillac CT6
2435,General Motors,,Cadillac DTS
2436,General Motors,,Cadillac ELR
2437,General Motors,,Cadillac Escalade
2438,General Motors,,Cadillac Evoq
2439,General Motors,,Cadillac Fleetwood
2440,General Motors,,Limusina presidencial (Estados Unidos)
2441,General Motors,Cadillac,Northstar LMP
2442,General Motors,,Opel Omega
2443,General Motors,,Cadillac Seville
2444,General Motors,,Cadillac Sixteen
2445,General Motors,Cadillac,Sixty Special
2446,General Motors,,Cadillac SRX
2447,General Motors,Cadillac,Type 51
2448,General Motors,,Cadillac V-Series
2449,General Motors,,Cadillac V-16
2450,General Motors,,Cadillac V-Series.R
2451,General Motors,,Cadillac XT4
2452,General Motors,,Cadillac XLR
2453,General Motors,,Cadillac XT5
2454,General Motors,,7 de Oro (automóvil)
2455,General Motors,,Chevrolet 490
2456,General Motors,,Chevrolet 1957
2457,General Motors,,Chevrolet Agile
2458,General Motors,,Chevrolet Astra
2459,General Motors,,Chevrolet Astro
2460,General Motors,,Chevrolet Avalanche
2461,General Motors,,Chevrolet Aveo
2462,General Motors,,Baojun 510
2463,General Motors,Chevrolet,Bel Air
2464,General Motors,,Chevrolet Beretta
2465,General Motors,,Chevrolet Blazer
2466,General Motors,,Chevrolet Bolt
2467,General Motors,,Chevrolet C-10
2468,General Motors,,Chevrolet Camaro
2469,General Motors,,Chevrolet Celebrity
2470,General Motors,,Chevrolet Celta
2471,General Motors,,Chevrolet Chevette
2472,General Motors,,Chevrolet Caprice
2473,General Motors,,Chevrolet Cavalier
2474,General Motors,,Chevrolet Chevelle
2475,General Motors,Chevrolet,Chevy (México)
2476,General Motors,Chevrolet,Chevy II / Nova
2477,General Motors,Chevrolet,Cobalt (Brasil)
2478,General Motors,Chevrolet,Cobalt (Estados Unidos)
2479,General Motors,Chevrolet,Cobalt SS
2480,General Motors,Chevrolet,Code 130R
2481,General Motors,,Chevrolet Combo
2482,General Motors,,Chevrolet Corsa
2483,General Motors,Chevrolet,Corvette (C4)
2484,General Motors,Chevrolet,Corvette C7
2485,General Motors,Chevrolet,El Camino
2486,General Motors,,Chevrolet G506
2487,General Motors,Chevrolet,Tracker (2019)
2488,General Motors,,Chevrolet Classic
2489,General Motors,,Chevrolet Colorado
2490,General Motors,,Chevrolet Corvair
2491,General Motors,,Chevrolet Corvette
2492,General Motors,,Chevrolet Cruze
2493,General Motors,,Chevrolet Equinox
2494,General Motors,,Chevrolet Fleetline
2495,General Motors,,Chevrolet Impala
2496,General Motors,Isuzu,Serie N
2497,General Motors,,Chevrolet Kadett
2498,General Motors,,Chevrolet Lumina
2499,General Motors,Chevrolet,Lumina APV
2500,General Motors,,Chevrolet LUV
2501,General Motors,,Isuzu D-Max
2502,General Motors,,Isuzu i-Series
2503,General Motors,,Chevrolet Malibu
2504,General Motors,,Chevrolet Master
2505,General Motors,,Minivan U ()
2506,General Motors,Chevrolet,Monte Carlo
2507,General Motors,,Chevrolet Monza
2508,General Motors,,Chevrolet N300
2509,General Motors,,Chevrolet Niva/VAZ-2123
2510,General Motors,Chevrolet,Nuevo Aveo / Sonic
2511,General Motors,,Chevrolet Omega
2512,General Motors,,Chevrolet Onix
2513,General Motors,,Chevrolet Opala
2514,General Motors,,Chevrolet Optra
2515,General Motors,,Chevrolet Orlando
2516,General Motors,,Chevrolet Prisma
2517,General Motors,,Isuzu Rodeo
2518,General Motors,,Chevrolet S-10
2519,General Motors,,Chevrolet Sail
2520,General Motors,,Isuzu Forward
2521,General Motors,,Chevrolet Silverado
2522,General Motors,,Chevrolet Spark
2523,General Motors,,Chevrolet Spin
2524,General Motors,,Suzuki Swift
2525,General Motors,,Chevrolet SS
2526,General Motors,,Chevrolet SSR
2527,General Motors,,Chevrolet Suburban
2528,General Motors,,Chevrolet Tahoe
2529,General Motors,,Chevrolet Tracker
2530,General Motors,,Chevrolet TrailBlazer
2531,General Motors,,Chevrolet Trax
2532,General Motors,Chevrolet,WTCC Ultra
2533,General Motors,,Chevrolet Van
2534,General Motors,,Chevrolet Vectra
2535,General Motors,,Chevrolet Vega
2536,General Motors,,Chevrolet Venture
2537,General Motors,,Chevrolet Volt
2538,General Motors,,Daewoo Gentra
2539,General Motors,,GM Korea
2540,General Motors,,Daewoo Lanos
2541,General Motors,,Daewoo Maepsy
2542,General Motors,,Daewoo Magnus
2543,General Motors,,Daewoo Nubira
2544,General Motors,,Daewoo Racer/Cielo
2545,General Motors,,Daewoo Royale
2546,General Motors,,Daewoo Tacuma
2547,General Motors,,Daewoo Tico
2548,General Motors,,Daewoo Tosca
2549,General Motors,,Holden Astra
2550,General Motors,,Holden Barina
2551,General Motors,,Holden Commodore
2552,General Motors,,Holden Efijy
2553,General Motors,,Isuzu Bellett
2554,General Motors,,Isuzu Faster
2555,General Motors,,Isuzu Gemini
2556,General Motors,,Isuzu Hombre
2557,General Motors,,Isuzu I-Mark
2558,General Motors,Oldsmobile,Series 70
2559,General Motors,,Oldsmobile 88
2560,General Motors,,Oldsmobile 98
2561,General Motors,,Oldsmobile 442
2562,General Motors,,Oldsmobile Achieva
2563,General Motors,,Oldsmobile Alero
2564,General Motors,,Oldsmobile Aurora
2565,General Motors,,Oldsmobile Bravada
2566,General Motors,,Oldsmobile Cutlass
2567,General Motors,Oldsmobile,Cutlass Calais
2568,General Motors,Oldsmobile,Cutlass Ciera
2569,General Motors,Oldsmobile,Cutlass Supreme
2570,General Motors,,Oldsmobile F-85
2571,General Motors,,Oldsmobile Intrigue
2572,General Motors,,Oldsmobile Silhouette
2573,General Motors,,Oldsmobile Six
2574,General Motors,,Oldsmobile Toronado
2575,General Motors,Oldsmobile,Vista Cruiser
2576,General Motors,,Pontiac Aztek
2577,General Motors,,Pontiac Catalina
2578,General Motors,,Pontiac Fiero
2579,General Motors,,Pontiac Firebird
2580,General Motors,,Pontiac G6
2581,General Motors,Pontiac,Grand Am
2582,General Motors,Pontiac,Grand Prix
2583,General Motors,,Pontiac GTO
2584,General Motors,,Pontiac LeMans
2585,General Motors,,Pontiac Phantom
2586,General Motors,,Pontiac Phoenix
2587,General Motors,,Pontiac Solstice
2588,General Motors,,Pontiac Streamliner
2589,General Motors,,Pontiac Sunbird
2590,General Motors,,Pontiac Sunfire
2591,General Motors,,Pontiac Tempest
2592,General Motors,,Pontiac Torrent
2593,General Motors,,Pontiac Ventura
2594,General Motors,,Toyota Matrix
2595,General Motors,,Saturn Corporation
2596,General Motors,,Saturn Aura
2597,General Motors,,Saturn ION
2598,General Motors,,Saturn S-Series
2599,General Motors,,Saturn Sky
2600,General Motors,,Vauxhall Cavalier
2601,General Motors,,Vauxhall Chevette
2602,General Motors,,Vauxhall SRV
2603,General Motors,,Vauxhall Victor
2604,General Motors,,Vauxhall Viva
2605,Honda,, Civic VIII
2606,Honda,, Civic (quinta generación)
2607,Honda,, Civic (segunda generación)
2608,Honda,, Civic (sexta generación)
2609,Honda,, Civic (tercera generación)
2610,Honda,, Civic Si
2611,Honda,, CR-X del Sol
2612,Honda,, Dualnote
2613,Honda,, S360
2614,Honda,, HSC
2615,Honda,, J-VX
2616,Honda,, New Small Concept
2617,Honda,, Small Hybrid Sports Concept
2618,Honda,, U3-X
2619,Honda,, WOW
2620,KTM,, 65 SX
2621,KTM,, 950 Adventure
2622,KTM,, 990 Adventure
2623,KTM,, 1090 Adventure
2624,KTM,, 1190 Adventure
2625,KTM,, 1290 Super Adventure
2626,KTM,, Moto2
2627,KTM,, RC8 1190
2628,KTM,, RC16
