marca,marca_colavoracion,modelo
Abarth,,Anexo:Modelos de 
Abarth,, 500
Abarth,, 500C
Abarth,, 695 Tributo Ferrari
Abarth,, Grande Punto S2000
Abarth,, Grande Punto
Abarth,,Lancia LC2
Acura,, ARX-02
Acura,, ARX-06
Acura,, CL-X
Acura,, ARX-01
Acura,, MDX
Acura,, RDX
Acura,, RSX
Acura,, TL
Acura,, TLX
Acura,, TSX
AMC,, Ambassador
AMC,,Nash Ambassador
AMC,,Nash 600
AMC,,Rambler American
AMC,, Amitron
AMC,, AMX-GT
AMC,, AMX
AMC,, AMX III
AMC,, Cavalier
AMC,, Concord
AMC,, Eagle
AMC,, Electron
AMC,, Gremlin
AMC,, Hornet
AMC,,Hudson Hornet
AMC,,Hudson Italia
AMC,,Hudson Jet
AMC,,Hudson Wasp
AMC,, Javelin
AMC,,Jeep CJ
AMC,,Rambler Marlin
AMC,, Matador
AMC,,M422 Mighty Mite
AMC,,Nash Metropolitan
AMC,, Pacer
AMC,,Rambler Classic
AMC,Rambler,Six y V8
AMC,,Nash Rambler
AMC,, Rebel
AMC,,Rambler Rebel
AMC,, Spirit
AMC,, Rambler Tarpon
Aston Martin,, 2-Litre Sports
Aston Martin,, Atom
Aston Martin,, Victor
Aston Martin,, Bulldog
Aston Martin,, Cygnet
Aston Martin,, DB AR1
Aston Martin,, DB2
Aston Martin,, DB2/4
Aston Martin,, DB Mark III
Aston Martin,, DB3
Aston Martin,, DB4
Aston Martin,, DB4 GT Zagato
Aston Martin,, DB5
Aston Martin,, DB6
Aston Martin,, DB7
Aston Martin,, DB7 Vantage Zagato
Aston Martin,, DB9
Aston Martin,, DB10
Aston Martin,, DB11
Aston Martin,, DB12
Aston Martin,, DBRS9
Aston Martin,, DBS
Aston Martin,, DBS Superleggera
Aston Martin,, DBS V12
Aston Martin,, Lagonda
Aston Martin,, One-77
Aston Martin,,Plataforma VH de 
Aston Martin,, Rapide
Aston Martin,, V8
Aston Martin,, V8 (desambiguación)
Aston Martin,, V8 Vantage (1977)
Aston Martin,, V8 Vantage (desambiguación)
Aston Martin,, V8 Vantage Zagato
Aston Martin,, Valhalla
Aston Martin,, Valkyrie
Aston Martin,, Vanquish
Aston Martin,, Vantage
Aston Martin,, Virage
Aston Martin,, Vulcan
Audi,, 50
Audi,, 80
Audi,, 100
Audi,, A1
Audi,, A2
Audi,, A4
Audi,, A5
Audi,, A6
Audi,, A6 allroad quattro
Audi,, A8
Audi,, A3
Audi,, A7
Audi,, AI:TRAIL quattro
Audi,, Allroad Quattro Concept
Audi,, e-tron GT
Audi,, PB18 e-tron
Audi,, Cross Cabriolet
Audi,, F103
Audi,, Le Mans quattro
Audi,, Nuvolari
Audi,, Q2
Audi,, Q3
Audi,, Q4 e-tron
Audi,, Q5
Audi,, Q7
Audi,, Q8
Audi,, Q8 e-tron
Audi,, Quattro
Audi,, Quattro Concept
Audi,, Quattro Spyder
Audi,, R8
Audi,, R8 4S
Audi,, R8 42
Audi,, Roadjet
Audi,, Rosemeyer
Audi,, RS 6
Audi,, RSQ
Audi,, S1
Audi,, Shooting Brake
Audi,, Sportback concept
Audi,, TT
Audi,, Urban Concept
Audi,, V8
Austin,, 3-Litre
Austin,, 7
Austin,, 10
Austin,, A40 Sports
Austin,, A90 Atlantic
Austin,, Allegro
Austin,, Ambassador
Austin,, A40
Austin,,-Healey 100
Austin,, FX4
Austin,, K2
Austin,, K5
Austin,, Loadstar
Austin,, Maestro
Austin,, Maxi
Austin,, Morris 1100/1300 (BMC ADO16)
Austin,, Montego
Austin,,Princess (British-Leyland ADO71)
Austin,, Victoria
Auto Union,, 1000
Auto Union,,DKW  1000
Auto Union,,Automóviles de carreras 
Auto Union,,DKW F8
Auto Union,,DKW F89
Auto Union,DKW,F89 L
Auto Union,,DKW F91
Auto Union,,DKW F93/F94
Auto Union,,Mercedes-Benz N1300
Bentley,, 3 Litros
Bentley,, 3.5 Litros
Bentley,, 4.5 Litros
Bentley,, 6.5 Litros
Bentley,, 8 Litros
Bentley,, Arnage
Bentley,, Azure
Bentley,, Bentayga
Bentley,, Brooklands
Bentley,, Continental Flying Spur
Bentley,, Continental GT
Bentley,, Hunaudières
Bentley,, Mulsanne
Bentley,, S2
Bentley,, S3
Bentley,, Speed 8
BMW,, Serie 1
BMW,, Serie 2
BMW,, Serie 2 Active Tourer
BMW,, Serie 3
BMW,, 3.0 CSL
BMW,, 3.0 CSL Hommage
BMW,, Serie 5
BMW,, Serie 5 Gran Turismo
BMW,, Serie 6
BMW,, E65/E66
BMW,, Serie 7
BMW,, 328
BMW,, 507
BMW,, 600
BMW,, 700
BMW,, i4
BMW,, iX
BMW,, M2
BMW,, M3
BMW,, Serie 02
BMW,, Serie 3 Compact
BMW,, Z4 GTE
BMW,, Z9
BMW,, CS
BMW,, Dixi
BMW,, F 76
BMW,, G30
BMW,,Isetta
BMW,, M1
BMW,, E46 M3
BMW,, M5
BMW,, M6
BMW,, Nazca C2
BMW,, Serie 4
BMW,, Serie 8
BMW,, Turbo
BMW,, X1
BMW,, X2
BMW,, X3
BMW,, X4
BMW,, X5
BMW,, X6
BMW,, X7
BMW,, Z1
BMW,, Z2
BMW,, Z3
BMW,, Z4
BMW,, Z4 M
BMW,, Z8
British Leyland,,Austin Allegro
British Leyland,,Austin Ambassador
British Leyland,,Austin Maestro
British Leyland,,Austin Maxi
British Leyland,,Austin Montego
British Leyland,,Jaguar XJS
British Leyland,,Mini (automóvil)
British Leyland,,Mini Moke
British Leyland,,Morris Ital
British Leyland,,Morris Marina
British Leyland,,Princess (British-Leyland ADO71)
British Leyland,,Rover P6
British Leyland,,Rover SD1
British Leyland,,Triumph Acclaim
British Leyland,,Triumph Dolomite
British Leyland,,Triumph Stag
British Leyland,,Triumph TR7
British Leyland,Triumph,TR7 Sprint
Bugatti,, 16C Galibier
Bugatti,, 18/3 Chiron
Bugatti,, Bolide
Bugatti,, Bordeaux
Bugatti,, Centodieci
Bugatti,, Chiron
Bugatti,, Divo
Bugatti,, EB110
Bugatti,, EB118
Bugatti,, EB218
Bugatti,, ID 90
Bugatti,, La Voiture Noire
Bugatti,, Mistral
Bugatti,, Royale
Bugatti,, Stratos
Bugatti,, Type 13
Bugatti,, Type 29 y Type 30
Bugatti,, Type 32
Bugatti,, Type 35
Bugatti,, Type 51
Bugatti,, Type 55
Bugatti,, Type 57
Bugatti,, Type 101
Bugatti,, Veyron
Bugatti,, Veyron 16.4 Super Sport
Bugatti,," Veyron 16,4 Grand Sport La Finale"
Bugatti,, Vision Gran Turismo
Buick,, Avenir
Buick,, LaCrosse
Buick,, Regal
Buick,, Cascada
Buick,, Centieme
Buick,, Century
Buick,, Electra
Buick,, Envision
Buick,, GL6
Buick,, GL8
Buick,, Gran Sport
Buick,, LeSabre
Buick,, Lucerne
Buick,, Park Avenue
Buick,, Riviera
Buick,, Roadmaster
Buick,, Skylark
Buick,, Special
Buick,, Terraza
Buick,, Verano
Buick,, Y-Job
BYD,, Atto 2
BYD,, Atto 3
BYD,, Dolphin
BYD,, e5
BYD,, e6
BYD,, F3DM
BYD,, F6DM
BYD,, G6
BYD,, Han
BYD,, Qin
BYD,, Seagull
BYD,, Seal
BYD,, Seal U
BYD,, Sealion 7
BYD,, Tang
BYD,, F0
BYD,, Shark
Cadillac,, ATS
Cadillac,, BLS
Cadillac,, Calais
Cadillac,, Catera (automóvil)
Cadillac,, Celestiq
Cadillac,, Cimarron
Cadillac,, Allanté
Cadillac,, Brougham
Cadillac,, Cien
Cadillac,, CT4
Cadillac,, CTS
Cadillac,, DeVille
Cadillac,, Eldorado
Cadillac,, Modelo 30
Cadillac,, Modelo D
Cadillac,, Runabout y Tonneau
Cadillac,, STS
Cadillac,, Type V-63
Cadillac,, XT6
Cadillac,, CT6
Cadillac,, DTS
Cadillac,, ELR
Cadillac,, Escalade
Cadillac,, Evoq
Cadillac,, Fleetwood
Cadillac,,Limusina presidencial (Estados Unidos)
Cadillac,, Northstar LMP
Cadillac,,Opel Omega
Cadillac,, Seville
Cadillac,, Sixteen
Cadillac,, Sixty Special
Cadillac,, SRX
Cadillac,, Type 51
Cadillac,, V-Series
Cadillac,, V-16
Cadillac,, V-Series.R
Cadillac,, XT4
Cadillac,, XLR
Cadillac,, XT5
Cadillac,, XTS
Chery,, A5
Chery,, A1
Chery,, A11
Chery,,Exeed TX
Chery,, QQ
Chery,, Tiggo
Chery,, V5
Chevrolet,,7 de Oro (automóvil)
Chevrolet,, 490
Chevrolet,, 1957
Chevrolet,, Agile
Chevrolet,, Astra
Chevrolet,, Astro
Chevrolet,, Avalanche
Chevrolet,, Aveo
Chevrolet,,Baojun 510
Chevrolet,, Bel Air
Chevrolet,, Beretta
Chevrolet,, Blazer
Chevrolet,, Bolt
Chevrolet,, C-10
Chevrolet,, Camaro
Chevrolet,, Celebrity
Chevrolet,, Celta
Chevrolet,, Chevette
Chevrolet,, Caprice
Chevrolet,, Cavalier
Chevrolet,, Chevelle
Chevrolet,, Chevy (México)
Chevrolet,, Chevy II / Nova
Chevrolet,, Cobalt (Brasil)
Chevrolet,, Cobalt (Estados Unidos)
Chevrolet,, Cobalt SS
Chevrolet,, Code 130R
Chevrolet,, Combo
Chevrolet,, Corsa
Chevrolet,, Corvette (C4)
Chevrolet,, Corvette C7
Chevrolet,, El Camino
Chevrolet,, G506
Chevrolet,, Tracker (2019)
Chevrolet,, Classic
Chevrolet,, Colorado
Chevrolet,, Corvair
Chevrolet,, Corvette
Chevrolet,, Cruze
Chevrolet,, Equinox
Chevrolet,, Fleetline
Chevrolet,, Impala
Chevrolet,Isuzu,Serie N
Chevrolet,, Kadett
Chevrolet,, Lumina
Chevrolet,, Lumina APV
Chevrolet,, LUV
Chevrolet,,Isuzu D-Max
Chevrolet,,Isuzu i-Series
Chevrolet,, Malibu
Chevrolet,, Master
Chevrolet,,Minivan U (General Motors)
Chevrolet,, Monte Carlo
Chevrolet,, Monza
Chevrolet,, N300
Chevrolet,, Niva/VAZ-2123
Chevrolet,, Nuevo Aveo / Sonic
Chevrolet,, Omega
Chevrolet,,Opel Omega
Chevrolet,, Onix
Chevrolet,, Opala
Chevrolet,, Optra
Chevrolet,, Orlando
Chevrolet,, Prisma
Chevrolet,,Isuzu Rodeo
Chevrolet,, S-10
Chevrolet,, Sail
Chevrolet,,Isuzu Forward
Chevrolet,, Silverado
Chevrolet,, Spark
Chevrolet,, Spin
Chevrolet,,Suzuki Swift
Chevrolet,, SS
Chevrolet,, SSR
Chevrolet,, Suburban
Chevrolet,, Tahoe
Chevrolet,, Tracker
Chevrolet,, TrailBlazer
Chevrolet,, Trax
Chevrolet,, WTCC Ultra
Chevrolet,, Van
Chevrolet,, Vectra
Chevrolet,, Vega
Chevrolet,, Venture
Chevrolet,, Volt
Chrysler,, 200
Chrysler,, 300 (series con letra)
Chrysler,, 300C
Chrysler,, Airflow
Chrysler,, Aspen
Chrysler,,Hillman Avenger
Chrysler,, 300M
Chrysler,, Airflow (EV)
Chrysler,, Cirrus
Chrysler,, Concorde
Chrysler,, Norseman
Chrysler,, Six
Chrysler,, Crossfire
Chrysler,, Fifth Avenue
Chrysler,, Imperial
Chrysler,, Imperial Parade Phaeton
Chrysler,, LeBaron
Chrysler,, LHS
Chrysler,, ME Four Twelve
Chrysler,, Neon
Chrysler,, New Yorker
Chrysler,, Pacifica
Chrysler,, PT Cruiser
Chrysler,, Sebring
Chrysler,, Shadow
Chrysler,, Sunbeam
Chrysler,, Town & Country (1941-1988)
Chrysler,, Turbine
Chrysler,, Valiant
Chrysler,, Vision
Chrysler,, Voyager
Citroën,, 2 CV
Citroën,, Acadiane
Citroën,, Ami
Citroën,, AX
Citroën,, Axel
Citroën,,Furgoneta pequeña (PSA)
Citroën,, BX
Citroën,, C1
Citroën,, C2
Citroën,, C3
Citroën,, C3 Aircross
Citroën,, C3 Picasso
Citroën,, C4
Citroën,, C4 (1928)
Citroën,, C4 Aircross
Citroën,, C4 Cactus
Citroën,, C4 Picasso
Citroën,, C5
Citroën,, C5 Aircross
Citroën,, C6
Citroën,, C6 (China)
Citroën,, C6 (1928)
Citroën,, C15
Citroën,, Ami (2020)
Citroën,, CX
Citroën,, M35
Citroën,, Tipo A
Citroën,, Tipo C
Citroën,,-Kégresse
Citroën,,Citycar (PSA/Toyota)
Citroën,, DS
Citroën,,DS3
Citroën,,DS4
Citroën,,DS5
Citroën,, Dyane
Citroën,, Elysée
Citroën,,Furgoneta mediana (Sevel)
Citroën,, GS
Citroën,, H
Citroën,, LNA
Citroën,, Méhari
Citroën,,Mitsubishi RVR
Citroën,, Rosalie
Citroën,, Saxo
Citroën,, SM
Citroën,, Traction Avant
Citroën,, Visa
Citroën,, Xantia
Citroën,, XM
Citroën,, Xsara
Citroën,, Xsara Picasso
Citroën,, Yagán
Citroën,,Usuario discusión:79.117.99.208
Citroën,, ZX
Dacia,, 1100
Dacia,, 1300
Dacia,,ARO 10
Dacia,, Jogger
Dacia,, Spring
Dacia,, Dokker
Dacia,, Duster
Dacia,, Lodgy
Dacia,, Logan
Dacia,,Mahindra-Renault Verito
Dacia,, Nova
Dacia,Renault,Tondar 90
Dacia,, Sandero
Dacia,, Solenza
Dacia,, SupeRNova
Daewoo,, Gentra
Daewoo,,GM Korea
Daewoo,, Lanos
Daewoo,, Maepsy
Daewoo,, Magnus
Daewoo,,Chevrolet Spark
Daewoo,, Nubira
Daewoo,, Racer/Cielo
Daewoo,, Royale
Daewoo,, Tacuma
Daewoo,, Tico
Daewoo,, Tosca
DAF,, 33
DAF,, 44
DAF,, 46
DAF,, 55
DAF,, 66
DAF,, 600
DAF,, XF
Daihatsu,, Applause
Daihatsu,, Charade
Daihatsu,, Copen
Daihatsu,, Cuore
Daihatsu,, Consorte
Daihatsu,, Zebra
Daihatsu,, Delta
Daihatsu,,K3-VE
Daihatsu,, Materia
Daihatsu,, Midget
Daihatsu,, Move
Daihatsu,, Sirion
Daihatsu,, Terios
Datsun,Nissan,280 ZX
Datsun,, 510
Datsun,Nissan,Fairlady Z
Datsun,, on-Do
Datsun,,Nissan Silvia
Datsun,,Nissan Skyline
Datsun,,Nissan Urvan
Datsun,,Nissan Vanette
Datsun,,Nissan Violet
DKW,,Auto Union 1000
DKW,, Auto Union 1000
DKW,, F8
DKW,, F89
DKW,, F89 L
DKW,, F91
DKW,, F93/F94
DKW,, F102
DKW,, Munga
DKW,,Mercedes-Benz N1300
Dodge,, 30-35
Dodge,, 400
Dodge,, 600
Dodge,, 1500
Dodge,, 3700
Dodge,, Aries
Dodge,, Aspen
Dodge,, Attitude
Dodge,, Avenger
Dodge,, Caliber
Dodge,, Caravan
Dodge,, Challenger
Dodge,, Charger
Dodge,, Charger (2024)
Dodge,, Charger (B-body)
Dodge,, Charger (LX)
Dodge,, Cherokee
Dodge,, Colt
Dodge,, Coronado
Dodge,, Coronet
Dodge,, D Series
Dodge,, Dart
Dodge,, Dart (España)
Dodge,, Dart GT (2012)
Dodge,, Dart GT
Dodge,, Dakota
Dodge,, Daytona
Dodge,, Diplomat
Dodge,, Durango
Dodge,, Dynasty
Dodge,, Neon SRT-4
Dodge,, GTX
Dodge,, Intrepid
Dodge,, Journey
Dodge,, Lancer
Dodge,,Línea  (Argentina)
Dodge,, Magnum
Dodge,, Mirada
Dodge,, Monaco
Dodge,, Nitro
Dodge,, Omni
Dodge,, Polara
Dodge,, Polara (Argentina)
Dodge,, Ram SRT 10
Dodge,, Ramcharger
Dodge,,Ram Pickup
Dodge,, Spirit
Dodge,, Stratus
Dodge,, Super Bee
Dodge,, Viper
Ferrari,,Anexo:Modelos de 
Ferrari,, 12Cilindri
Ferrari,, 166
Ferrari,, 166 Inter
Ferrari,, 212
Ferrari,, 212 Export
Ferrari,, 250 GT Berlinetta
Ferrari,, 250 GTO
Ferrari,, 275
Ferrari,, 288 GTO
Ferrari,, 296 GTB
Ferrari,, 360
Ferrari,, 365 GT4 2+2
Ferrari,, 400
Ferrari,, 458 Speciale
Ferrari,, 488
Ferrari,, 575M Maranello
Ferrari,, 612 Scaglietti
Ferrari,, 812 Superfast
Ferrari,Abarth,695 Tributo
Ferrari,, America
Ferrari,, Berlinetta Boxer
Ferrari,, Daytona
Ferrari,, Daytona SP3
Ferrari,, Enzo
Ferrari,, F8 Tributo
Ferrari,, F12 TRS
Ferrari,, F12berlinetta
Ferrari,, F40
Ferrari,, F50
Ferrari,, F80
Ferrari,, F355
Ferrari,, 125 F1
Ferrari,, 126C
Ferrari,, 250
Ferrari,, 308 GTB
Ferrari,, 328
Ferrari,, 348
Ferrari,, 456
Ferrari,, 458 Italia
Ferrari,, 550
Ferrari,, 599 GTB Fiorano
Ferrari,, California
Ferrari,, Dino
Ferrari,, F12tdf
Ferrari,, F430
Ferrari,, FF
Ferrari,, FX
Ferrari,, GT4
Ferrari,, Mondial
Ferrari,, Monza SP
Ferrari,, Purosangue
Ferrari,, FXX
Ferrari,, GTC4Lusso
Ferrari,, La
Ferrari,, Monza
Ferrari,, Mythos
Ferrari,, P4/5
Ferrari,, Portofino
Ferrari,, Roma
Ferrari,, SF90 Stradale
Ferrari,, Testarossa
Fiat,,Anexo:Modelos de 
Fiat,, 1
Fiat,, 2B
Fiat,, 3 ½ HP
Fiat,, 6-8 HP
Fiat,, 8 HP
Fiat,, 8V
Fiat,, 10 HP
Fiat,, 12 HP
Fiat,, 24-32 HP
Fiat,, 50 HP
Fiat,, 60 HP
Fiat,, 70
Fiat,, 124
Fiat,, 124 Spider (2016)
Fiat,, 125
Fiat,, 125 Mirafiori
Fiat,, 125 Centurión
Fiat,, 126
Fiat,, 127
Fiat,, 128
Fiat,, 130
Fiat,, 131
Fiat,, 133
Fiat,, 147
Fiat,, 242
Fiat,, 500 (1936)
Fiat,, 500 (1957)
Fiat,, 500 (2007)
Fiat,, 500C
Fiat,, 500e
Fiat,, 500L
Fiat,, 500X
Fiat,, 501
Fiat,, 502
Fiat,, 503
Fiat,, 507
Fiat,, 508
Fiat,, 510
Fiat,, 512
Fiat,, 514
Fiat,, 515
Fiat,, 518
Fiat,, 522
Fiat,, 525
Fiat,, 600
Fiat,, 615
Fiat,, 850
Fiat,, 1100
Fiat,, 1100 (1937)
Fiat,, 1200
Fiat,, 1300/1500
Fiat,, 1400/1900
Fiat,, 1500 (1935)
Fiat,, 1600
Fiat,, 1600 Sport
Fiat,, 1800/2100
Fiat,, 2800
Fiat,Abarth,695 Tributo Ferrari
Fiat,Abarth,Grande Punto
Fiat,, Albea
Fiat,, Argo
Fiat,, Barchetta
Fiat,, Bravo/Brava/Marea
Fiat,, Bravo (2007)
Fiat,, Cinquecento
Fiat,, Coupé
Fiat,, Croma
Fiat,, Croma (1985)
Fiat,, Croma (2005)
Fiat,, Cronos
Fiat,, Doblò
Fiat,, Duna
Fiat,, 16-20 HP
Fiat,, 124 Sport Spider
Fiat,, 130 HP
Fiat,, 132
Fiat,, 238
Fiat,, 241
Fiat,, 505
Fiat,, 509
Fiat,, 520
Fiat,, 521
Fiat,, 524
Fiat,, 527
Fiat,, Argenta
Fiat,, Centoventi
Fiat,, Fullback
Fiat,, New 500
Fiat,, Phyllis
Fiat,, Pulse
Fiat,, X1/23
Fiat,, Freemont
Fiat,,Furgoneta mediana (Sevel)
Fiat,, Grande Punto
Fiat,, Idea
Fiat,,Iveco TurboCity
Fiat,, Linea
Fiat,, Linea TRV6
Fiat,, Mobi
Fiat,, Multipla
Fiat,, Ottimo
Fiat,, Palio
Fiat,, Panda
Fiat,, Pininfarina Coupé y Cabriolet
Fiat,, Punto
Fiat,, Regata
Fiat,, Ritmo
Fiat,, S76
Fiat,, Sedici
Fiat,, Seicento
Fiat,, Siena
Fiat,, Stilo
Fiat,, Strada
Fiat,, Tempra
Fiat,, Tipo (1988)
Fiat,, Tipo (2016)
Fiat,, Tipo TRV6
Fiat,, Toro
Fiat,, Uno
Fiat,, 770
Fiat,, 1500 Coupé Vignale
Fiat,, Viaggio
Fiat,, X1/9
Fiat,, Zero
Fiat Professional,,Fiat Doblò
Fiat Professional,,Fiat Fiorino
Fiat Professional,,Fiat Talento
Ford,,Anexo:Modelos de 
Ford,, 7Y
Ford,, 48
Ford,, 999
Ford,, 1937
Ford,, 1941
Ford,, 1949
Ford,, 1952
Ford,, 1955
Ford,, 1957
Ford,, 1960
Ford,, A
Ford,, A (1903-1904)
Ford,, Anglia
Ford,, B
Ford,, B-Max
Ford,, Bronco
Ford,, Bronco Sport
Ford,, C
Ford,, C (1904)
Ford,, C-Max Energi
Ford,, Capri
Ford,, Consul Capri
Ford,, C-Max
Ford,, Contour
Ford,, Corcel
Ford,, Cougar (Europa)
Ford,, Courier
Ford,, Crown Victoria
Ford,,Cuadriciclo 
Ford,, Expedition
Ford,, EcoSport
Ford,, Edge
Ford,, Edsel
Ford,, Eifel
Ford,,Eleanor (automóvil)
Ford,, Escape
Ford,, Escort
Ford,, Escort (América del Norte)
Ford,, F-100
Ford,, F-150
Ford,, Fairlane (Argentina)
Ford,, Fairmont
Ford,, Falcon (Argentina)
Ford,, Falcon (Australia)
Ford,, Falcon (Estados Unidos)
Ford,, Fiesta
Ford,, Focus
Ford,, Capri EV
Ford,, Del Rey
Ford,, Escort (China)
Ford,, Escort MK I
Ford,, Escort MK II
Ford,, Escort MK III
Ford,, Escort MK IV
Ford,, Escort MK V
Ford,, Escort RS Cosworth
Ford,, Explorer
Ford,, Explorer eléctrico
Ford,, F
Ford,, Festiva
Ford,, Figo
Ford,, Flex
Ford,, Fusion (Europa)
Ford,, Pampa
Ford,, Territory (China)
Ford,, Fusion (América)
Ford,, Fusion Hybrid
Ford,, Galaxie
Ford,, Galaxy
Ford,, Versailles
Ford,, GT
Ford,, GT40
Ford,, Ka
Ford,, Kuga
Ford,, Laser
Ford,, Maverick
Ford,, Meteor
Ford,, Mondeo
Ford,, Mustang
Ford,, Mustang Mach-E
Ford,, Mustang VI
Ford,, N
Ford,, Orion
Ford,, P68
Ford,, Pinto
Ford,, Popular
Ford,, Probe
Ford,, Puma
Ford,, Ranchero (Argentina)
Ford,, Ranger
Ford,, Royale
Ford,, RS200
Ford,, S
Ford,, Scorpio
Ford,, Shelby
Ford,, Sierra
Ford,, S-Max
Ford,, T
Ford,,Tamaño completo de 
Ford,, Taunus
Ford,, Taurus
Ford,, Tempo
Ford,, Thunderbird
Ford,, Torino
Ford,, Transit
Ford,, Transit Connect
Ford,, V8
Ford,, Verona
Ford,, Windstar
Ford,, Y 8 HP
GAZ,,-51
GAZ,,-53
GAZ,,-61
GAZ,,-63
GAZ,,-64
GAZ,,-66
GAZ,,-67
GAZ,,-69
GAZ,,-AA
GAZ,, Chaika
GAZ,,elle (furgoneta)
GAZ,,elle Next (furgoneta)
GAZ,,elle-Business (van panel)
GAZ,, M-20 Pobeda
General Motors,,Cadillac XTS
General Motors,,Chevrolet Express
General Motors,, EV1
General Motors,, Firebird
General Motors,,Todoterreno Lambda ()
General Motors,, Sequel
General Motors,,Serie M (Bedford)
General Motors,,Todoterreno Theta ()
Holden,, Astra
Holden,, Barina
Holden,, Commodore
Holden,, Efijy
Holden,,Opel Omega
Honda,, 1300
Honda,, Accord
Honda,, Acty
Honda,, Amaze
Honda,, ATC200
Honda,, Beat
Honda,, Brio
Honda,, City
Honda,, City AA
Honda,, Civic
Honda,, Civic (Cuarta Generación)
Honda,, Civic (Primera Generación)
Honda,, Concerto
Honda,, CR-V
Honda,, CR-X
Honda,, CR-Z
Honda,, e
Honda,, FCX Clarity
Honda,, FR-V
Honda,, Goldwing
Honda,, Civic Type-R
Honda,, Odyssey (Norteamérica)
Honda,, HR-V
Honda,, HSV-010 GT
Honda,, Insight
Honda,, Integra
Honda,,Acura RSX
Honda,, Jazz
Honda,, Legend
Honda,, Life
Honda,, Logo
Honda,, N360
Honda,, NSX
Honda,, Passport
Honda,, Pilot
Honda,, Prelude
Honda,, Quint
Honda,, S500
Honda,, S600
Honda,, S660
Honda,, S800
Honda,, S2000
Honda,, S-MX
Honda,, T360
Honda,, Vigor
Honda,, Zest
Honda,, ZR-V
Hyundai,, Accent
Hyundai,, Alcazar
Hyundai,, Atos
Hyundai,, Azera
Hyundai,, Coupe
Hyundai,, Creta
Hyundai,, Elantra
Hyundai,, Eon
Hyundai,, Excel
Hyundai,, Genesis
Hyundai,, Genesis Coupe
Hyundai,, Getz
Hyundai,, H-1
Hyundai,, Ioniq
Hyundai,, N Vision 74
Hyundai,, Pony
Hyundai,, i10
Hyundai,, i20
Hyundai,, i30
Hyundai,, i40
Hyundai,, Ioniq 5
Hyundai,, ix35 FCEV
Hyundai,, Kona
Hyundai,, Matrix
Hyundai,, Nexo
Hyundai,, Santa Fe
Hyundai,, Sonata
Hyundai,, Stellar
Hyundai,, Terracan
Hyundai,, Tucson
Hyundai,, Veloster
Hyundai,, Venue
Hyundai,, Veracruz
Infiniti,, EX
Infiniti,, FX
Infiniti,, G
Infiniti,, M
Infiniti,, Q50
Infiniti,, Q60
Infiniti,, Q70
Infiniti,, QX
Infiniti,, QX30
Infiniti,, QX50
Infiniti,, QX60
Infiniti,, QX70
Infiniti,, QX80
Isuzu,, Bellett
Isuzu,, D-Max
Isuzu,, Faster
Isuzu,, Forward
Isuzu,, Gemini
Isuzu,, Hombre
Isuzu,, i-Series
Isuzu,, I-Mark
Isuzu,,Chevrolet LUV
Isuzu,, Rodeo
Isuzu,, Serie N
Jaguar,,SS 1
Jaguar,, C-Type
Jaguar,, C-X75
Jaguar,, D-Type
Jaguar,, E-Pace
Jaguar,, E-Type
Jaguar,, F-Pace
Jaguar,, F-Type
Jaguar,, I-Pace
Jaguar,, XJR-8
Jaguar,, XJR-9
Jaguar,, XK
Jaguar,, S-Type
Jaguar,, X-Type
Jaguar,, XE
Jaguar,, XF
Jaguar,, XJ
Jaguar,, XJ220
Jaguar,, XJR-15
Jaguar,, XJR-11
Jaguar,, XJR-12
Jaguar,, XJR-14
Jaguar,, XJS
Jaguar,, XK (1948-1961)
Jaguar,, XKSS
Jeep,, Avenger
Jeep,, Cherokee
Jeep,, Cherokee (SJ)
Jeep,, Cherokee (XJ)
Jeep,, CJ
Jeep,, Comanche
Jeep,, Commander
Jeep,, Compass
Jeep,, DJ
Jeep,, Gladiator (JT)
Jeep,, Grand Cherokee
Jeep,, Patriot
Jeep,,ster Commando
Jeep,,Willys-Overland ster
Jeep,, Renegade
Jeep,, Wagoneer
Jeep,,Willys MB
Jeep,, Wrangler
Kia,, Avella
Kia,, Besta
Kia,, Bongo
Kia,, Cadenza
Kia,, Carens
Kia,, Ceed
Kia,, Cerato
Kia,, Clarus
Kia,, Concord
Kia,, EV3
Kia,,KIA EV6
Kia,, Granbird
Kia,, K9
Kia,, Koup
Kia,, Soluto
Kia,,KM131 Jeep
Kia,, Optima
Kia,, Mohave
Kia,, Niro
Kia,, Opirus
Kia,, Picanto
Kia,, Pregio
Kia,, Ray
Kia,, Ray (prototipo 2010)
Kia,, Retona
Kia,, Rio
Kia,, Sephia
Kia,, Shuma
Kia,, Sonet
Kia,, Sorento
Kia,, Soul
Kia,, Sportage
Kia,, Stonic
Kia,, Towner
Kia,, Venga
Koenigsegg,, Agera
Koenigsegg,, CC
Koenigsegg,, CC8S
Koenigsegg,, CCGT
Koenigsegg,, CCR
Koenigsegg,,Köenigsegg CCXR
Koenigsegg,, Gemera
Koenigsegg,, Hundra
Koenigsegg,, Jesko
Koenigsegg,, CC850
Koenigsegg,, CCX
Koenigsegg,, One:1
Koenigsegg,, Quant
Koenigsegg,, Regera
Lada,,AvtoVAZ
Lada,, 110/VAZ-2110
Lada,, 112/VAZ-2112
Lada,, 111/VAZ-2111
Lada,, Granta
Lada,, Kalina/VAZ-1118
Lada,, Largus
Lada,, Nadezhda/VAZ-2120
Lada,,Chevrolet Niva/VAZ-2123
Lada,, Niva/VAZ-2121
Lada,, Oká/VAZ-1111
Lada,, Priora
Lada,, Revolution
Lada,, Riva/VAZ-2107
Lada,, Samara/VAZ-2109
Lada,, Zhiguli/VAZ-2101
Lamborghini,,Anexo:Automóviles de 
Lamborghini,, 350 GTV
Lamborghini,, 350 GT
Lamborghini,, 400 GT
Lamborghini,, Athon
Lamborghini,, Aventador
Lamborghini,, Aventador SV
Lamborghini,, Bravo
Lamborghini,, Calà
Lamborghini,, Centenario LP-770
Lamborghini,, Cheetah
Lamborghini,, Countach
Lamborghini,, Diablo
Lamborghini,, Egoista
Lamborghini,, Espada
Lamborghini,, Essenza SCV12
Lamborghini,, Estoque
Lamborghini,, Flying Star II
Lamborghini,, Gallardo
Lamborghini,, Huracán
Lamborghini,, Islero
Lamborghini,, Jalpa
Lamborghini,, Jarama
Lamborghini,, Auténtica
Lamborghini,, Invencible
Lamborghini,, LM001
Lamborghini,, LM002
Lamborghini,, LM004
Lamborghini,, LMA002
Lamborghini,, Marco Polo
Lamborghini,, Marzal
Lamborghini,, Minautoro
Lamborghini,, Miura
Lamborghini,, Murciélago
Lamborghini,, Pregunta
Lamborghini,, Reventón
Lamborghini,, Revuelto
Lamborghini,, SC63
Lamborghini,, Sesto Elemento
Lamborghini,, Sián FKP 37
Lamborghini,, Silhouette
Lamborghini,, Temerario
Lamborghini,, Terzo Millennio
Lamborghini,, Urraco
Lamborghini,, Urus
Lamborghini,, Veneno
Lancia,,Anexo:Modelos de 
Lancia,,Anexo:Modelos de  Veicoli Industriali
Lancia,, 037
Lancia,, 2000
Lancia,, Alfa
Lancia,, Appia
Lancia,, Aprilia
Lancia,, Ardea
Lancia,, Aurelia
Lancia,, Artena
Lancia,, Astura
Lancia,, Augusta
Lancia,, Beta
Lancia,, Beta 15/20hp
Lancia,, Beta Trevi
Lancia,, Dedra
Lancia,, Delta
Lancia,, Delta 20/30hp
Lancia,, Delta S4
Lancia,, Dialfa-18/24hp
Lancia,, Dikappa
Lancia,, Dilambda
Lancia,, Epsilon
Lancia,, Eta
Lancia,, Flaminia
Lancia,, Flavia
Lancia,, Flavia (2011)
Lancia,, Fulvia
Lancia,, Gamma
Lancia,, Gamma-20HP
Lancia,, Kappa
Lancia,, Kappa (1919)
Lancia,, Lambda
Lancia,, LC1
Lancia,, LC2
Lancia,, Lybra
Lancia,, Montecarlo
Lancia,, Musa
Lancia,, Prisma
Lancia,, Stratos
Lancia,, Thema
Lancia,, Thema (2011)
Lancia,, Thesis
Lancia,, Theta
Lancia,, Trikappa
Lancia,, Voyager
Lancia,, Y10
Lancia,, Ypsilon
Lancia,, Zeta-12/15hp
Land Rover,, 101 Forward Control
Land Rover,, Defender
Land Rover,, Discovery
Land Rover,, Discovery Sport
Land Rover,, Freelander
Land Rover,,Range Rover
Land Rover,,Range Rover Evoque
Land Rover,,Range Rover Sport
Lexus,, CT
Lexus,, GS
Lexus,Toyota,Land Cruiser Prado
Lexus,, IS
Lexus,, LX
Lexus,, LFA
Lexus,, NX
Lexus,, RX
Lexus,, SC
Lexus,, UX
Lincoln,, Aviator
Lincoln,, Continental
Lincoln,, Cosmopolitan
Lincoln,Ford,Fusion (América)
Lincoln,, Nautilus
Lincoln,, MKZ (automóvil)
Lincoln,, MKC
Lincoln,, MKS
Lincoln,, MKT
Lincoln,, Navigator
Lincoln,, Town Car
Lotus,, 2-Eleven
Lotus,, 340R
Lotus,, Elan
Lotus,, Elise
Lotus,, Emira
Lotus,, Esprit
Lotus,, Evija
Lotus,, Excel
Lotus,, Exige
Lotus,, Europa S
Lotus,, Evora
Lotus,, Mark I
Lotus,, Mark II
Lotus,, Seven
Maserati,,Anexo:Modelos de 
Maserati,, 8CM
Maserati,, 3200 GT
Maserati,, 5000 GT
Maserati,, A6
Maserati,, Biturbo
Maserati,, Bora
Maserati,, Coupé/Spyder
Maserati,, Ghibli (1967)
Maserati,, Ghibli (2013)
Maserati,, GranTurismo
Maserati,, Khamsin
Maserati,, Levante
Maserati,, 4CL y 4CLT
Maserati,, 8CTF
Maserati,, Ghibli
Maserati,, Ghibli (1992)
Maserati,, MC12
Maserati,, MC20
Maserati,, MCXtrema
Maserati,, Mistral
Maserati,, Quattroporte
Maserati,, Sebring
Maserati,, Shamal
Mazda,, 3
Mazda,, 6
Mazda,,Autozam Revue
Mazda,, 323
Mazda,, 626
Mazda,, 787B
Mazda,, Serie B
Mazda,, BT-50
Mazda,, Chantez
Mazda,, CX-3
Mazda,, CX-5
Mazda,, CX-7
Mazda,, CX-9
Mazda,, Furai
Mazda,, 2
Mazda,, Cosmo
Mazda,, CX-30
Mazda,, CX-60
Mazda,, MPV
Mazda,, Suitcase Car
Mazda,, Tribute
Mazda,, Millenia
Mazda,, Minagi Concept
Mazda,, MX-5
Mazda,, MXR-01
Mazda,, Premacy
Mazda,, RX-7
Mazda,, RX-8
Mazda,, T
Mazda,, Takeri Concept
Mazda,, Xedos
Mercedes-Benz,, Sprinter
Mercedes-Benz,,Anexo:Modelos de  desde 1980 hasta la actualidad
Mercedes-Benz,,Mercedes 35 CV
Mercedes-Benz,, 190
Mercedes-Benz,, 190 SL
Mercedes-Benz,, 300 SL
Mercedes-Benz,, 300SEL 6.3
Mercedes-Benz,, 600
Mercedes-Benz,, 770
Mercedes-Benz,, Clase A
Mercedes-Benz,, Actros
Mercedes-Benz,,Mercedes-AMG One
Mercedes-Benz,, Clase B
Mercedes-Benz,,Benz Patent-Motorwagen
Mercedes-Benz,,Benz-Tropfenwagen
Mercedes-Benz,, C W204
Mercedes-Benz,, C W206
Mercedes-Benz,, Clase C
Mercedes-Benz,, C112
Mercedes-Benz,, Citan
Mercedes-Benz,, Clase CL
Mercedes-Benz,, Clase C Sportcoupé
Mercedes-Benz,, Clase CLC
Mercedes-Benz,, Clase CLK
Mercedes-Benz,, CLK GTR
Mercedes-Benz,, Clase CLS
Mercedes-Benz,, Clase E
Mercedes-Benz,, W212 E63 AMG
Mercedes-Benz,, Econic
Mercedes-Benz,, EQC
Mercedes-Benz,,Flechas plateadas
Mercedes-Benz,, Clase G
Mercedes-Benz,, Clase GLS
Mercedes-Benz,, Clase GLA
Mercedes-Benz,, Clase GLB
Mercedes-Benz,, Clase GLE
Mercedes-Benz,, Clase GLC
Mercedes-Benz,,Mercedes-AMG GT
Mercedes-Benz,, L 319
Mercedes-Benz,, MB 100
Mercedes-Benz,, 260 D
Mercedes-Benz,, 300 SLR
Mercedes-Benz,, CLA-Class
Mercedes-Benz,, Clase CLS (C218)
Mercedes-Benz,, Clase CLS (C257)
Mercedes-Benz,, EQS
Mercedes-Benz,, EQS SUV
Mercedes-Benz,, Heckmotor
Mercedes-Benz,, L3000
Mercedes-Benz,, T80
Mercedes-Benz,, N1300
Mercedes-Benz,, Necar 5
Mercedes-Benz,, Clase R
Mercedes-Benz,, R107
Mercedes-Benz,, R170
Mercedes-Benz,,Mercedes S63 AMG
Mercedes-Benz,,Mercedes S65 AMG
Mercedes-Benz,, Clase S
Mercedes-Benz,,Mercedes Simplex
Mercedes-Benz,, Clase SL
Mercedes-Benz,, Clase SLC
Mercedes-Benz,, Clase SLC (2015)
Mercedes-Benz,, SLR McLaren
Mercedes-Benz,, SLS AMG
Mercedes-Benz,, SS
Mercedes-Benz,, SSK
Mercedes-Benz,, T2
Mercedes-Benz,,Unimog
Mercedes-Benz,, Vaneo
Mercedes-Benz,, Vito
Mercedes-Benz,, W114/W115
Mercedes-Benz,, W123
Mercedes-Benz,, W125
Mercedes-Benz,, W180
Mercedes-Benz,, W201
MG,, 3
MG,, 18/80
MG,,Roewe 550
MG,Austin,Morris 1100/1300 (BMC ADO16)
MG,, A
MG,,Maxus T60
MG,, F
MG,, GT
MG,, Metro
MG,,Roewe 750
MG,, Metro 6R4
MG,, Midget
MG,, P-type
MG,, T-type
MG,, X-Power SV
Mitsubishi,, Carisma
Mitsubishi,, Chariot
Mitsubishi,, Colt
Mitsubishi,, Concept-RA
Mitsubishi,, Eclipse
Mitsubishi,, Endeavor
Mitsubishi,, Galant
Mitsubishi,, Galant VR-4
Mitsubishi,, Grandis
Mitsubishi,, 3000GT
Mitsubishi,, i-MiEV
Mitsubishi,, L200
Mitsubishi,, Lancer
Mitsubishi,, Lancer Evolution
Mitsubishi,, Lancer (A70)
Mitsubishi,, Montero
Mitsubishi,, Montero Evolution
Mitsubishi,, Nativa
Mitsubishi,, Outlander
Mitsubishi,, RVR
Moskvitch,, 400
Moskvitch,, 401/420
Moskvitch,, 402
Moskvitch,, 404 Sport
Moskvitch,, 407
Moskvitch,, 408
Moskvitch,, 410
Moskvitch,, 412
Moskvitch,, 2141 Aleko
Moskvitch,, 2142
Moskvitch,, G1
Moskvitch,, G2
Moskvitch,, G3
Moskvitch,, G4
Moskvitch,, G5
Nissan,, 280 ZX
Nissan,, 300 ZX
Nissan,, 350Z
Nissan,, 370Z
Nissan,,Datsun 510
Nissan,, Almera
Nissan,, Ariya
Nissan,, Armada
Nissan,, Concept 2020 Vision Gran Turismo
Nissan,, Kicks
Nissan,, Cube
Nissan,, Esflow
Nissan,, Fairlady Z
Nissan,, Figaro
Nissan,, Frontier
Nissan,, GT-R
Nissan,, Juke
Nissan,, Leaf
Nissan,, Lucino
Nissan,, Maxima
Nissan,, Micra
Nissan,, Murano
Nissan,, Altima
Nissan,, Pao
Nissan,, Skyline (R34)
Nissan,, Z (Z34)
Nissan,, Note
Nissan,, NV200
Nissan,, Pathfinder
Nissan,, Patrol
Nissan,, Primera
Nissan,, Qashqai
Nissan,, Quest
Nissan,, R90C
Nissan,, S-Cargo
Nissan,, Sentra
Nissan,, Sentra B17
Nissan,, Serena
Nissan,, Sileighty
Nissan,, Silvia
Nissan,, Skyline
Nissan,, Teana
Nissan,, Terrano II
Nissan,, Tiida
Nissan,, Titan
Nissan,, Trade
Nissan,, Tsuru V16
Nissan,, URGE
Nissan,, Urvan
Nissan,, Vanette
Nissan,, Versa
Nissan,, Violet
Nissan,, X-Trail
Oldsmobile,, Series 70
Oldsmobile,, 88
Oldsmobile,, 98
Oldsmobile,, 442
Oldsmobile,, Achieva
Oldsmobile,, Alero
Oldsmobile,, Aurora
Oldsmobile,, Bravada
Oldsmobile,, Cutlass
Oldsmobile,, Cutlass Calais
Oldsmobile,, Cutlass Ciera
Oldsmobile,, Cutlass Supreme
Oldsmobile,, F-85
Oldsmobile,, Intrigue
Oldsmobile,, Silhouette
Oldsmobile,, Six
Oldsmobile,, Toronado
Oldsmobile,, Vista Cruiser
Opel,, Admiral
Opel,, Adam
Opel,, Agila
Opel,, Ascona
Opel,, Astra
Opel,, Blitz
Opel,, Calibra
Opel,,Buick Cascada
Opel,, Combo
Opel,, Commodore
Opel,, Corsa
Opel,, Diplomat
Opel,, Frontera
Opel,, Grandland
Opel,, GT
Opel,, GTC Concept
Opel,, Insignia Concept
Opel,, Insignia
Opel,, K-180
Opel,,Chevrolet Kadett
Opel,, Kadett
Opel,, Kapitän
Opel,, Manta
Opel,, Crossland
Opel,, Meriva
Opel,, Mokka
Opel,, Monterey
Opel,, Monza
Opel,, Omega
Opel,," 1,2"
Opel,," 1,8"
Opel,, Laubfrosch
Opel,, Olympia
Opel,, Rekord
Opel,, Senator
Opel,, Speedster
Opel,,Brama Automovil
Opel,, Tigra
Opel,, Vectra
Opel,, Zafira
Packard,, 200
Packard,, 300
Packard,, 1957 y 1958
Packard,, Caribbean
Packard,, Cavalier
Packard,, Clipper
Packard,, Custom Super Eight
Packard,, Eight
Packard,, Executive
Packard,,Flintstone Flyer
Packard,, Four
Packard,, Four Hundred
Packard,, Hawk
Packard,, Light Eight
Packard,, Mayfair
Packard,, Model G
Packard,, Monocilíndrico
Packard,, One-Ten
Packard,, One-Twenty
Packard,, Pacific
Packard,, Panther
Packard,, Pan-American
Packard,, Patrician
Packard,, Six
Packard,, Station Sedan
Packard,,Studebaker- Hawk series
Packard,, Super Eight
Packard,, Twelve
Perodua,, Kelisa
Peugeot,, 104
Peugeot,, 106
Peugeot,, 108
Peugeot,, 201
Peugeot,, 202
Peugeot,, 203
Peugeot,, 204
Peugeot,, 205
Peugeot,, 206
Peugeot,, 207
Peugeot,, 207 Compact
Peugeot,, 208
Peugeot,, 301
Peugeot,, 301 (1932)
Peugeot,, 301 (2012)
Peugeot,, 302
Peugeot,, 304
Peugeot,, 305
Peugeot,, 306
Peugeot,, 307
Peugeot,, 308
Peugeot,, 309
Peugeot,, 401
Peugeot,, 402
Peugeot,, 403
Peugeot,, 404
Peugeot,, 405
Peugeot,, 406
Peugeot,, 407
Peugeot,, 408
Peugeot,, 504
Peugeot,, 505
Peugeot,, 508
Peugeot,, 601
Peugeot,, 604
Peugeot,, 605
Peugeot,, 607
Peugeot,, 908 HDi FAP
Peugeot,, 908 RC
Peugeot,, 1007
Peugeot,, 2008
Peugeot,, 3008
Peugeot,, 4007
Peugeot,, 5008
Peugeot,,Citycar (PSA/Toyota)
Peugeot,, EX3
Peugeot,,Furgoneta mediana (Sevel)
Peugeot,, L76
Peugeot,,Mitsubishi RVR
Peugeot,, Onyx
Peugeot,, 205 Turbo 16
Peugeot,, P4
Peugeot,, Tipo 26
Peugeot,, Tipo 125
Peugeot,, Tipo 143
Peugeot,, Tipo 159
Peugeot,, RCZ
Peugeot,, Tipo 1
Peugeot,, Tipo 4
Peugeot,, Tipo 8
Peugeot,, Tipo 10
Peugeot,, Tipo 56
Peugeot,, Tipo 58
Peugeot,, Tipo 69
Peugeot,, Tipo 105
Peugeot,, Tipo 163
Peugeot,, Tipo 176
Peugeot,, Tipo 190
Plymouth,, Concord
Plymouth,, Gran Fury
Plymouth,, Barracuda
Plymouth,, Duster
Plymouth,, Fury
Plymouth,, Prowler
Plymouth,, Road Runner
Plymouth,, Satellite
Plymouth,, Valiant
Plymouth,, Voyager
Pontiac,, Aztek
Pontiac,, Catalina
Pontiac,, Fiero
Pontiac,, Firebird
Pontiac,, G6
Pontiac,, Grand Am
Pontiac,, Grand Prix
Pontiac,, GTO
Pontiac,, LeMans
Pontiac,, Phantom
Pontiac,, Phoenix
Pontiac,, Solstice
Pontiac,, Streamliner
Pontiac,, Sunbird
Pontiac,, Sunfire
Pontiac,, Tempest
Pontiac,, Torrent
Pontiac,, Ventura
Pontiac,,Toyota Matrix
Porsche,, 356
Porsche,, 550
Porsche,, 597
Porsche,, 901
Porsche,, 911
Porsche,, 911 (clásico)
Porsche,, 911 Carrera RSR Turbo
Porsche,, 911 GT1
Porsche,, 911 GT2
Porsche,, 911 GT3
Porsche,, 914
Porsche,, 917
Porsche,, 918
Porsche,, 924
Porsche,, 928
Porsche,, 931 Club Sport
Porsche,, 944
Porsche,, 959
Porsche,, 968
Porsche,, 997
Porsche,, Boxster
Porsche,, Carrera GT
Porsche,, Cayenne
Porsche,, Cayman
Porsche,, Junior
Porsche,, Macan
Porsche,,Memminger Roadster 2.7
Porsche,, Mission R
Porsche,, Mission X
Porsche,, Panamera
Porsche,, 912
Porsche,, 996
Porsche,, Spirit
Porsche,, Super
Porsche,, Taycan
Rambler,, American
Rambler,, Classic
Rambler,, Marlin
Rambler,, Rebel
Rambler,, Six y V8
Rambler,,AMC  Tarpon
Renault,, 3
Renault,, 4
Renault,, 4 furgoneta
Renault,, 40CV
Renault,, 4CV
Renault,, 5
Renault,, 6
Renault,, 7
Renault,, 8
Renault,, 9/11
Renault,, 10
Renault,, 12
Renault,, 14
Renault,, 15/17
Renault,, 16
Renault,, 18
Renault,, 19
Renault,, 20/30
Renault,, 21
Renault,, 25
Renault,, 900
Renault,, Altica
Renault,, Argos
Renault,, Arkana
Renault,, Austral
Renault,, Avantime
Renault,, Kangoo Compact Concept
Renault,, Captur
Renault,, Caravelle
Renault,, Celtaquatre
Renault,, Clio
Renault,, Dauphine
Renault,, Duster Oroch
Renault,,Eagle Medallion
Renault,, Egeus
Renault,, Espace
Renault,, Étoile Filante
Renault,, Nervastella
Renault,, Express
Renault,, Fluence
Renault,, Fluence Z.E.
Renault,, Frégate
Renault,, Fuego
Renault,, Grand Modus
Renault,, Juvaquatre
Renault,, Kadjar
Renault,, Kangoo
Renault,, Kerax
Renault,, Koleos
Renault,, Kwid
Renault,, Laguna
Renault,, Latitude
Renault,, Magnum
Renault,, Mascott
Renault,, Master
Renault,, Maxity
Renault,, Mégane
Renault,, Megane III RS Trophy
Renault,, Modus
Renault,, Monaquatre
Renault,, Nepta
Renault,, Nervasport des Records
Renault,,Eagle Premier
Renault,, Premium Distribution
Renault,, Premium Lander
Renault,, Premium Long Distance
Renault,, Racoon
Renault,, Estafette
Renault,, Mégane IV
Renault,, Rafale
Renault,, Safrane
Renault,,Dacia Sandero
Renault,, Scénic
Renault,, Samsung SM7
Renault,, Sport R.S. 01
Renault,, Supercinco
Renault,, Symbol
Renault,, Talisman
Renault,, Trafic
Renault,, Trucks T
Renault,, Twingo
Renault,, Twizy
Renault,, Vel Satis
Renault,, Vesta 2
Renault,, Vivastella
Renault,, Voiturette
Renault,, Wind
Rolls-Royce,,Anexo:Automóviles 
Rolls-Royce,, 10 hp
Rolls-Royce,, 15 hp
Rolls-Royce,, 20/25
Rolls-Royce,, 20 hp (1905)
Rolls-Royce,, 25/30
Rolls-Royce,, 30 hp
Rolls-Royce,,Automóvil blindado 
Rolls-Royce,, Camargue
Rolls-Royce,, Corniche
Rolls-Royce,, Corniche (2000)
Rolls-Royce,, psicodélico de John Lennon
Rolls-Royce,, Phantom
Rolls-Royce,, Phantom I
Rolls-Royce,, Phantom II
Rolls-Royce,, Phantom III
Rolls-Royce,, Phantom IV
Rolls-Royce,, Phantom V
Rolls-Royce,, Phantom VI
Rolls-Royce,, Silver Cloud
Rolls-Royce,, Silver Dawn
Rolls-Royce,, Silver Ghost
Rolls-Royce,, Silver Seraph
Rolls-Royce,, Silver Shadow
Rolls-Royce,, Silver Spirit
Rolls-Royce,, Silver Wraith
Rolls-Royce,, Spectre
Rolls-Royce,, Twenty
Rolls-Royce,, V-8
Rolls-Royce,, Wraith
Rover,, 12
Rover,, 45
Rover,, 75
Rover,, 100
Rover,, 200/25
Rover,, 400
Rover,, 600
Rover,, 800
Rover,,-BRM
Rover,,MG Metro
Rover,, P6
Rover,, JET1
Rover,, SD1
Rover,,Tata Indica/Indigo
Saab,, 9-3
Saab,, 9-5
Saab,, 90
Saab,, 92
Saab,, 93
Saab,, 95
Saab,, 96
Saab,, 98
Saab,, 99
Saab,, 900
Saab,, 9000
Saab,, Ursaab
Saturn,, Corporation
Saturn,, Aura
Saturn,, ION
Saturn,, S-Series
Saturn,, Sky
SEAT,,Anexo:Modelos de 
SEAT,, 1200 Sport
SEAT,, 20v20 Concept
SEAT,, 124
SEAT,, 127
SEAT,, 128
SEAT,, 131
SEAT,, 132
SEAT,, 133
SEAT,, 600
SEAT,, 800
SEAT,, 850
SEAT,, 1400
SEAT,, 1430
SEAT,, 1500
SEAT,, Alhambra
SEAT,, Altea
SEAT,, Arona
SEAT,, Arosa
SEAT,, Ateca
SEAT,, Bocanegra
SEAT,, Bolero
SEAT,, Concepto T
SEAT,, Córdoba
SEAT,, Córdoba I
SEAT,, Córdoba II
SEAT,,Cupra Born
SEAT,,Cupra e-Racer
SEAT,, Cupra GT
SEAT,, Exeo
SEAT,,Cupra Formentor
SEAT,, Fórmula
SEAT,, Fura
SEAT,, IBe
SEAT,, Ibiza
SEAT,, Ibiza I
SEAT,, Ibiza II
SEAT,, Ibiza III
SEAT,, Ibiza IV
SEAT,, Ibiza V
SEAT,, IBL
SEAT,, IBX
SEAT,, IBZ
SEAT,, Inca
SEAT,, León
SEAT,, León I
SEAT,, León II
SEAT,, León III
SEAT,, León IV
SEAT,, Málaga
SEAT,, Marbella
SEAT,, Mii
SEAT,, Minimó
SEAT,, Panda
SEAT,, Proto
SEAT,,Cupra UrbanRebel
SEAT,, Ritmo
SEAT,, Ronda
SEAT,, Salsa
SEAT,, Tango
SEAT,, Tarraco
SEAT,,Cupra Tavascan
SEAT,, Toledo
SEAT,, Toledo I
SEAT,, Toledo II
SEAT,, Toledo III
SEAT,, Toledo IV
SEAT,, Tribu
Simca,, 5
Simca,, 6
Simca,, 8
Simca,, 1000
Simca,, 1100
Simca,, Ariane
Simca,, Aronde P-60
Škoda,, 1201
Škoda,, Citigo
Škoda,, Fabia
Škoda,, Favorit
Škoda,, Felicia
Škoda,, Kamiq
Škoda,, Karoq
Škoda,, Kodiaq
Škoda,, Octavia
Škoda,, Octavia (1959)
Škoda,, Rapid
Škoda,, Rapid (2012)
Škoda,, Roomster
Škoda,, Scala
Škoda,, Enyaq
Škoda,, Spaceback
Škoda,, Superb
Škoda,, Yeti
Subaru,, 360
Subaru,, Forester
Subaru,, Impreza
Subaru,, Impreza WRC
Subaru,, Justy
Subaru,, Legacy
Subaru,, Leone
Subaru,, Rex
Subaru,, Stella
Subaru,, Tribeca
Subaru,, XV
Suzuki,,Suzuki Aerio
Suzuki,,Suzuki Alto
Suzuki,,Suzuki Baleno
Suzuki,,Suzuki Cappuccino
Suzuki,,Suzuki Carry
Suzuki,,Suzuki Ciaz
Suzuki,,Suzuki Ertiga
Suzuki,,Suzuki Ignis
Suzuki,,Suzuki Jimny
Suzuki,,Suzuki Kizashi
Suzuki,,Suzuki S-Cross
Suzuki,,Suzuki Splash
Suzuki,Suzuki,Escudo Pikes Peak
Suzuki,,Suzuki X-90
Suzuki,,Suzuki Swift
Suzuki,,Suzuki SX4
Suzuki,,Suzuki Vitara
Suzuki,Suzuki,Wagon R
Suzuki,,Suzuki XL7
Toyota,,Anexo:Modelos de 
Toyota,, 4Runner
Toyota,, 2000GT
Toyota,, AA
Toyota,, AE86
Toyota,, Alessandro Volta
Toyota,, Alphard
Toyota,, Auris
Toyota,, Avanza
Toyota,, Avensis
Toyota,, Aygo
Toyota,, C-HR
Toyota,, Camry
Toyota,, Camry TC
Toyota,, Celica
Toyota,,Chevrolet Cavalier
Toyota,,Citycar (PSA/)
Toyota,, Coaster
Toyota,, Corolla
Toyota,, Corolla (E100)
Toyota,, Corolla Verso
Toyota,, Crown
Toyota,, Dyna
Toyota,, Etios
Toyota,, FJ Cruiser
Toyota,, Fortuner
Toyota,, FT1
Toyota,, Fun Cargo
Toyota,, Granvia
Toyota,, GT86
Toyota,, Hiace
Toyota,, Highlander
Toyota,, Hilux
Toyota,, Innova
Toyota,, iQ
Toyota,, Urban Cruiser
Toyota,, Land Cruiser
Toyota,,Lunar Cruiser
Toyota,, Matrix
Toyota,, Mirai
Toyota,, MR2
Toyota,, Paseo
Toyota,, Premio
Toyota,, Prius
Toyota,, Prius c
Toyota,, Prius V
Toyota,, Prius Plug-in
Toyota,, Probox
Toyota,, RAV4
Toyota,, Sera
Toyota,, Sienna
Toyota,, Sports 800
Toyota,, Starlet
Toyota,, Supra
Toyota,, Tacoma
Toyota,, ToyoAce
Toyota,, bZ4X
Toyota,, Noah
Toyota,, RAV4 eléctrico
Toyota,, T100
Toyota,, Tundra
Toyota,, Vitz
Toyota,, Yaris
Triumph,, 2000/2.5PI/2500
Triumph,, Acclaim
Triumph,, Dolomite
Triumph,, GT6
Triumph,, Herald
Triumph,, Spitfire
Triumph,, Toledo
Triumph,, TR
Triumph,, TR1 / 20TS
Triumph,, TR2
Triumph,, TR4
Triumph,, TR4A
Triumph,, TR5
Triumph,, TR6
Triumph,, TR7
Triumph,, TR8
Triumph,, Stag
Triumph,, TR3
Triumph,, TR7 Sprint
TVR,, Cerbera Speed 12
TVR,, Cerbera
TVR,, Chimaera
TVR,, Grantura
TVR,, Griffith
TVR,, No1
TVR,, Sagaris
TVR,, Tamora
TVR,, Typhon
Vauxhall,, Cavalier
Vauxhall,, Chevette
Vauxhall,, SRV
Vauxhall,, Victor
Vauxhall,, Viva
Volkswagen,,Anexo:Modelos de 
Volkswagen,,Porsche 914
Volkswagen,,Dodge 1500
Volkswagen,, 1500
Volkswagen,, Amarok
Volkswagen,, Apollo
Volkswagen,, Arteon
Volkswagen,, ARVW
Volkswagen,, Bora
Volkswagen,, Brasilia
Volkswagen,, Caddy
Volkswagen,,Anexo:Productos de la  Caminhões e Ônibus
Volkswagen,, CC
Volkswagen,, Passat CC
Volkswagen,, Corrado
Volkswagen,, Crafter
Volkswagen,, Eos
Volkswagen,, Fox
Volkswagen,, Fox (Norte América)
Volkswagen,, Gol
Volkswagen,, Gol AB9
Volkswagen,, Gol BX
Volkswagen,, Golf
Volkswagen,, Golf VII
Volkswagen,, Golf I
Volkswagen,, Golf II
Volkswagen,, Golf III
Volkswagen,, Golf IV
Volkswagen,, Golf Plus
Volkswagen,, Golf V
Volkswagen,, Golf VI
Volkswagen,, Golf VIII
Volkswagen,, tipo 14A (Hebmüller Cabriolet)
Volkswagen,, Hormiga
Volkswagen,, Iltis
Volkswagen,, Jetta
Volkswagen,, Jetta I
Volkswagen,, Jetta II
Volkswagen,, Jetta V
Volkswagen,, Jetta VI
Volkswagen,, Jetta VII
Volkswagen,, K70
Volkswagen,, Karmann Ghia
Volkswagen,, Kübelwagen
Volkswagen,, Lavida
Volkswagen,, Logus
Volkswagen,, Lupo
Volkswagen,,Memminger Roadster 2.7
Volkswagen,, New Beetle
Volkswagen,, Nivus/Taigo
Volkswagen,, Passat
Volkswagen,, Passat B1
Volkswagen,, Passat B2
Volkswagen,, Passat B3
Volkswagen,, Passat B4
Volkswagen,, Passat B5
Volkswagen,, Passat B6
Volkswagen,, Passat B7
Volkswagen,, Passat B8
Volkswagen,, Passat Lingyu
Volkswagen,, Passat NMS
Volkswagen,, Phaeton
Volkswagen,, Phideon
Volkswagen,, Pointer
Volkswagen,, Polo
Volkswagen,, Polo Classic
Volkswagen,, Polo I
Volkswagen,, Polo II
Volkswagen,, Polo III
Volkswagen,, Polo IV
Volkswagen,, Polo V
Volkswagen,, Polo VI
Volkswagen,, Routan
Volkswagen,, Safari
Volkswagen,, Santana
Volkswagen,, Schwimmwagen
Volkswagen,, Scirocco
Volkswagen,,SEAT Mii
Volkswagen,, Sharan
Volkswagen,, SP
Volkswagen,, T-Cross
Volkswagen,, T-Roc
Volkswagen,, Taos
Volkswagen,, Tiguan
Volkswagen,, Tipo 1
Volkswagen,, Tipo 3
Volkswagen,, Touareg
Volkswagen,, Touran
Volkswagen,, T3
Volkswagen,, Tipo 2
Volkswagen,, Tipo 4
Volkswagen,, up!
Volkswagen,, Vento
Volkswagen,, Vento (A3)
Volkswagen,, Virtus
Volkswagen,, Atlas
Volkswagen,, e-Golf
Volkswagen,, e-up!
Volkswagen,, ID.3
Volkswagen,, ID.4
Volkswagen,, Voyage
Volvo,,Anexo:Modelos de 
Volvo,, 140
Volvo,, 142
Volvo,, 164
Volvo,, 240
Volvo,, Serie 300
Volvo,, 400
Volvo,, 440
Volvo,, 480
Volvo,, 760
Volvo,, 780
Volvo,, 850
Volvo,, Serie 900
Volvo,, Amazon
Volvo,, C30
Volvo,, C70
Volvo,, ECC
Volvo,, ÖV 4
Volvo,, P1800
Volvo,,Polestar 2
Volvo,, S40
Volvo,, S60
Volvo,, S80
Volvo,, S90
Volvo,, SCC
Volvo,, V70
Volvo,, PV 36 Carioca
Volvo,, V40
Volvo,, v90
Volvo,, XC40
Volvo,, XC60
Volvo,, XC90
Volvo,, YCC
Zastava,, 10
Zastava,, 101
Zastava,, 125pz
Zastava,, 750
Zastava,, 1300/1500
Zastava,, EuroZeta
Zastava,, Florida
Zastava,, Koral
Zastava,, New Rival
Zastava,, ZK101
la ZIL,,ZIL-111
la ZIL,,ZIL-112
la ZIL,,ZIL-130
la ZIL,,ZIL-131
la ZIL,,ZIL-135
la ZIL,,ZIL-157
la ZIL,,ZIL-41047
la ZIL,,BTR-152
la ZIL,,ZIS-5
la ZIL,,ZIS-6
la ZIL,,ZIS-101
la ZIL,,ZIS-150
Audi,,Auto Union 1000
Audi,DKW,Auto Union 1000
Audi,,Automóviles de carreras Auto Union
Audi,,DKW F8
Audi,,DKW F89
Audi,DKW,F89 L
Audi,,DKW F91
Audi,,DKW F93/F94
Audi,,Mercedes-Benz N1300
Audi,,DKW F102
Audi,,DKW Munga
Audi,, R8C
Audi,, R8R
Audi,, R8 LMP
Audi,, R10 TDI
Audi,, R15 TDI
Audi,, R18
BMW,, RS 700
BMW,, M Hybrid V8
BMW,,Mini John Cooper Works S2000
BMW,,Mini John Cooper Works WRC
BMW,, V12 LM
BMW,, V12 LMR
BMW,, CE 04
BMW,, R 32
BMW,, R 37
BMW,, C1
BMW,,CRD102  R100
BMW,, F800R
BMW,, F800 S
BMW,, F900R
BMW,, R/5
BMW,, R75
BMW,, R1100 GS
BMW,, R1150 GS
BMW,, R1200 GS
BMW,, R1200 RT
BMW,, 2800 Bertone Spicup
BMW,, GINA
BMW,, i8
BMW,, IX3
Chevrolet,, 400
Chevrolet,, Chevrón
Chevrolet,, Chevy
Chevrolet,, Chevy Malibú
Chevrolet,,Motor de bloque pequeño basado en LS de General Motors
Citroën,, BX 4TC
Citroën,, C3 R5
Citroën,, C3 WRC
Citroën,, C4 WRC
Citroën,, DS3 WRC
Citroën,, Xsara WRC
Citroën,, C-Airplay
Citroën,, C-Buggy
Citroën,, C-Métisse
Citroën,, C-SportLounge
Citroën,, ZX Rallye-raid
Citroën,,DS Wild Rubis
Citroën,, Eco 2000
Citroën,,GT by 
Citroën,, Hypnos
Citroën,, Lacoste
Citroën,, Revolte
Citroën,, Survolt
Citroën,, Zabrus
Ferrari,, 250 LM
Ferrari,, 330 P4
Ferrari,, 330 TRI/LM
Ferrari,, 340 México
Ferrari,, 512
Ferrari,, 637
Ferrari,, 333 SP
Ferrari,, F430 Challenge
Ferrari,, P
Ferrari,, SP
Ferrari,, TR
Ford,, Escort WRC
Ford,, Fiesta R5
Ford,, Fiesta Rally2
Ford,, Fiesta Rally3
Ford,, Fiesta Rally4
Ford,, Fiesta RS WRC
Ford,, Fiesta S2000
Ford,, Fiesta WRC
Ford,, Focus WRC
Ford,, Puma Rally1
Ford,, GT90
Ford,, Gyron
Ford,, TH!NK
Ford,, Iosis
Ford,, Iosis X
Ford,, Nucleon
Ford,, Shelby GR-1
Ford,, SYNus
Ford,, Vega
General Motors,,Buick Avenir
General Motors,,Buick LaCrosse
General Motors,,Buick Regal
General Motors,,Buick Cascada
General Motors,,Buick Centieme
General Motors,,Buick Century
General Motors,,Buick Electra
General Motors,,Buick Envision
General Motors,,Buick GL6
General Motors,,Buick GL8
General Motors,Buick,Gran Sport
General Motors,,Buick LeSabre
General Motors,,Buick Lucerne
General Motors,Buick,Park Avenue
General Motors,,Buick Riviera
General Motors,,Buick Roadmaster
General Motors,,Buick Skylark
General Motors,,Buick Special
General Motors,,Buick Terraza
General Motors,,Buick Verano
General Motors,,Buick Y-Job
General Motors,,Cadillac ATS
General Motors,,Cadillac BLS
General Motors,,Cadillac Calais
General Motors,Cadillac,Catera (automóvil)
General Motors,,Cadillac Celestiq
General Motors,,Cadillac Cimarron
General Motors,,Cadillac Allanté
General Motors,,Cadillac Brougham
General Motors,,Cadillac Cien
General Motors,,Cadillac CT4
General Motors,,Cadillac CTS
General Motors,,Cadillac DeVille
General Motors,,Cadillac Eldorado
General Motors,Cadillac,Modelo 30
General Motors,Cadillac,Modelo D
General Motors,Cadillac,Runabout y Tonneau
General Motors,,Cadillac STS
General Motors,Cadillac,Type V-63
General Motors,,Cadillac XT6
General Motors,,Cadillac CT6
General Motors,,Cadillac DTS
General Motors,,Cadillac ELR
General Motors,,Cadillac Escalade
General Motors,,Cadillac Evoq
General Motors,,Cadillac Fleetwood
General Motors,,Limusina presidencial (Estados Unidos)
General Motors,Cadillac,Northstar LMP
General Motors,,Opel Omega
General Motors,,Cadillac Seville
General Motors,,Cadillac Sixteen
General Motors,Cadillac,Sixty Special
General Motors,,Cadillac SRX
General Motors,Cadillac,Type 51
General Motors,,Cadillac V-Series
General Motors,,Cadillac V-16
General Motors,,Cadillac V-Series.R
General Motors,,Cadillac XT4
General Motors,,Cadillac XLR
General Motors,,Cadillac XT5
General Motors,,7 de Oro (automóvil)
General Motors,,Chevrolet 490
General Motors,,Chevrolet 1957
General Motors,,Chevrolet Agile
General Motors,,Chevrolet Astra
General Motors,,Chevrolet Astro
General Motors,,Chevrolet Avalanche
General Motors,,Chevrolet Aveo
General Motors,,Baojun 510
General Motors,Chevrolet,Bel Air
General Motors,,Chevrolet Beretta
General Motors,,Chevrolet Blazer
General Motors,,Chevrolet Bolt
General Motors,,Chevrolet C-10
General Motors,,Chevrolet Camaro
General Motors,,Chevrolet Celebrity
General Motors,,Chevrolet Celta
General Motors,,Chevrolet Chevette
General Motors,,Chevrolet Caprice
General Motors,,Chevrolet Cavalier
General Motors,,Chevrolet Chevelle
General Motors,Chevrolet,Chevy (México)
General Motors,Chevrolet,Chevy II / Nova
General Motors,Chevrolet,Cobalt (Brasil)
General Motors,Chevrolet,Cobalt (Estados Unidos)
General Motors,Chevrolet,Cobalt SS
General Motors,Chevrolet,Code 130R
General Motors,,Chevrolet Combo
General Motors,,Chevrolet Corsa
General Motors,Chevrolet,Corvette (C4)
General Motors,Chevrolet,Corvette C7
General Motors,Chevrolet,El Camino
General Motors,,Chevrolet G506
General Motors,Chevrolet,Tracker (2019)
General Motors,,Chevrolet Classic
General Motors,,Chevrolet Colorado
General Motors,,Chevrolet Corvair
General Motors,,Chevrolet Corvette
General Motors,,Chevrolet Cruze
General Motors,,Chevrolet Equinox
General Motors,,Chevrolet Fleetline
General Motors,,Chevrolet Impala
General Motors,Isuzu,Serie N
General Motors,,Chevrolet Kadett
General Motors,,Chevrolet Lumina
General Motors,Chevrolet,Lumina APV
General Motors,,Chevrolet LUV
General Motors,,Isuzu D-Max
General Motors,,Isuzu i-Series
General Motors,,Chevrolet Malibu
General Motors,,Chevrolet Master
General Motors,,Minivan U ()
General Motors,Chevrolet,Monte Carlo
General Motors,,Chevrolet Monza
General Motors,,Chevrolet N300
General Motors,,Chevrolet Niva/VAZ-2123
General Motors,Chevrolet,Nuevo Aveo / Sonic
General Motors,,Chevrolet Omega
General Motors,,Chevrolet Onix
General Motors,,Chevrolet Opala
General Motors,,Chevrolet Optra
General Motors,,Chevrolet Orlando
General Motors,,Chevrolet Prisma
General Motors,,Isuzu Rodeo
General Motors,,Chevrolet S-10
General Motors,,Chevrolet Sail
General Motors,,Isuzu Forward
General Motors,,Chevrolet Silverado
General Motors,,Chevrolet Spark
General Motors,,Chevrolet Spin
General Motors,,Suzuki Swift
General Motors,,Chevrolet SS
General Motors,,Chevrolet SSR
General Motors,,Chevrolet Suburban
General Motors,,Chevrolet Tahoe
General Motors,,Chevrolet Tracker
General Motors,,Chevrolet TrailBlazer
General Motors,,Chevrolet Trax
General Motors,Chevrolet,WTCC Ultra
General Motors,,Chevrolet Van
General Motors,,Chevrolet Vectra
General Motors,,Chevrolet Vega
General Motors,,Chevrolet Venture
General Motors,,Chevrolet Volt
General Motors,,Daewoo Gentra
General Motors,,GM Korea
General Motors,,Daewoo Lanos
General Motors,,Daewoo Maepsy
General Motors,,Daewoo Magnus
General Motors,,Daewoo Nubira
General Motors,,Daewoo Racer/Cielo
General Motors,,Daewoo Royale
General Motors,,Daewoo Tacuma
General Motors,,Daewoo Tico
General Motors,,Daewoo Tosca
General Motors,,Holden Astra
General Motors,,Holden Barina
General Motors,,Holden Commodore
General Motors,,Holden Efijy
General Motors,,Isuzu Bellett
General Motors,,Isuzu Faster
General Motors,,Isuzu Gemini
General Motors,,Isuzu Hombre
General Motors,,Isuzu I-Mark
General Motors,Oldsmobile,Series 70
General Motors,,Oldsmobile 88
General Motors,,Oldsmobile 98
General Motors,,Oldsmobile 442
General Motors,,Oldsmobile Achieva
General Motors,,Oldsmobile Alero
General Motors,,Oldsmobile Aurora
General Motors,,Oldsmobile Bravada
General Motors,,Oldsmobile Cutlass
General Motors,Oldsmobile,Cutlass Calais
General Motors,Oldsmobile,Cutlass Ciera
General Motors,Oldsmobile,Cutlass Supreme
General Motors,,Oldsmobile F-85
General Motors,,Oldsmobile Intrigue
General Motors,,Oldsmobile Silhouette
General Motors,,Oldsmobile Six
General Motors,,Oldsmobile Toronado
General Motors,Oldsmobile,Vista Cruiser
General Motors,,Pontiac Aztek
General Motors,,Pontiac Catalina
General Motors,,Pontiac Fiero
General Motors,,Pontiac Firebird
General Motors,,Pontiac G6
General Motors,Pontiac,Grand Am
General Motors,Pontiac,Grand Prix
General Motors,,Pontiac GTO
General Motors,,Pontiac LeMans
General Motors,,Pontiac Phantom
General Motors,,Pontiac Phoenix
General Motors,,Pontiac Solstice
General Motors,,Pontiac Streamliner
General Motors,,Pontiac Sunbird
General Motors,,Pontiac Sunfire
General Motors,,Pontiac Tempest
General Motors,,Pontiac Torrent
General Motors,,Pontiac Ventura
General Motors,,Toyota Matrix
General Motors,,Saturn Corporation
General Motors,,Saturn Aura
General Motors,,Saturn ION
General Motors,,Saturn S-Series
General Motors,,Saturn Sky
General Motors,,Vauxhall Cavalier
General Motors,,Vauxhall Chevette
General Motors,,Vauxhall SRV
General Motors,,Vauxhall Victor
General Motors,,Vauxhall Viva
Honda,, Civic VIII
Honda,, Civic (quinta generación)
Honda,, Civic (segunda generación)
Honda,, Civic (sexta generación)
Honda,, Civic (tercera generación)
Honda,, Civic Si
Honda,, CR-X del Sol
Honda,, Dualnote
Honda,, S360
Honda,, HSC
Honda,, J-VX
Honda,, New Small Concept
Honda,, Small Hybrid Sports Concept
Honda,, U3-X
Honda,, WOW
KTM,, 65 SX
KTM,, 950 Adventure
KTM,, 990 Adventure
KTM,, 1090 Adventure
KTM,, 1190 Adventure
KTM,, 1290 Super Adventure
KTM,, Moto2
KTM,, RC8 1190
KTM,, RC16
